m,deg_Pm,Pm_irreducible,n_factors,M_Pm,deg_smallest_factor,M_smallest_factor,factor_in_database
5,6,1,1,1.55603019132268226053042892660,6,1.55603019132268226053042892660,False
7,8,1,1,1.00000000000000000000000000000,0,100.000000000000000000000000000,False
9,10,1,1,1.35098033771623731021140357306,10,1.35098033771623731021140357306,False
11,12,1,1,1.25104661720377119218657528220,12,1.25104661720377119218657528220,True
13,14,1,1,1.26729644252306869273407740760,14,1.26729644252306869273407740760,True
15,16,1,1,1.31199949275385065348576695550,16,1.31199949275385065348576695550,False
17,18,1,1,1.21972085904031184416960676041,18,1.21972085904031184416960676041,True
19,20,1,1,1.30251110692116448615498216274,20,1.30251110692116448615498216274,False
21,22,0,2,1.18836814750822358814296095863,18,1.18836814750822358814296095863,True
23,24,1,1,1.28222840831380742529332926707,24,1.28222840831380742529332926707,True
25,26,1,1,1.24949933319287653678543511147,26,1.24949933319287653678543511147,True
27,28,0,2,1.26162239037185925958160452064,24,1.26162239037185925958160452064,True
29,30,1,1,1.27649697588399066415311940166,30,1.27649697588399066415311940166,True
31,32,1,1,1.24294011519864720623268828334,32,1.24294011519864720623268828334,True
33,34,1,1,1.27706797125178052636863765614,34,1.27706797125178052636863765614,True
35,36,1,1,1.22649330147307608182302689151,36,1.22649330147307608182302689151,True
37,38,1,1,1.27011203841185809187841330200,38,1.27011203841185809187841330200,True
39,40,1,1,1.24441450198264220918258807159,40,1.24441450198264220918258807159,True
41,42,1,1,1.26061671297760882439059547484,42,1.26061671297760882439059547484,True
43,44,1,1,1.26580840436324791613060614136,44,1.26580840436324791613060614136,True
45,46,0,2,1.25044667624394103050296001812,42,1.25044667624394103050296001812,True
47,48,1,1,1.26835996180141613558850564743,48,1.26835996180141613558850564743,True
49,50,1,1,1.24037907471676588927090352756,50,1.24037907471676588927090352756,True
51,52,0,2,1.26538913191873608050243259905,48,1.26538913191873608050243259905,True
53,54,0,2,1.23074300907574426138294260905,46,1.23074300907574426138294260905,True
55,56,1,1,1.26006659574993640697388553641,56,1.26006659574993640697388553641,True
57,58,1,1,1.26072259958783494952507409274,58,1.26072259958783494952507409274,True
59,60,1,1,1.25369807365625269640790071052,60,1.25369807365625269640790071052,True
61,62,1,1,1.26406269144068559510029515634,62,1.26406269144068559510029515634,True
63,64,1,1,1.24691880840258235865623530916,64,1.24691880840258235865623530916,True
65,66,1,1,1.26287184442367963488735570697,66,1.26287184442367963488735570697,True
67,68,0,2,1.24006185903679031095076404060,60,1.24006185903679031095076404060,True
69,70,0,2,1.25962571616716633334932788514,66,1.25962571616716633334932788514,True
71,72,1,1,1.25759305877995795590824966228,72,1.25759305877995795590824966228,True
73,74,1,1,1.25532514865117383207951539607,74,1.25532514865117383207951539607,True
75,76,0,2,1.26148078416953904319622209454,72,1.26148078416953904319622209454,True
77,78,1,1,1.25047814589375672171289252435,78,1.25047814589375672171289252435,True
79,80,1,1,1.26127557118491972649699410220,80,1.26127557118491972649699410220,True
81,82,1,1,1.24537083699093939589028211580,82,1.24537083699093939589028211580,True
83,84,1,1,1.25923691724740955997602238458,84,1.25923691724740955997602238458,True
85,86,1,1,1.25520491838294098414691176376,86,1.25520491838294098414691176376,True
87,88,1,1,1.25620348345383266701012366897,88,1.25620348345383266701012366897,True
89,90,1,1,1.25971178363673670124767494349,90,1.25971178363673670124767494349,True
91,92,1,1,1.25259856091966441984657732255,92,1.25259856091966441984657732255,True
93,94,0,2,1.26014317474692007338868803663,90,1.26014317474692007338868803663,True
95,96,1,1,1.24866635341043763793333709030,96,1.24866635341043763793333709030,True
97,98,1,1,1.25888338867466916389596610922,98,1.25888338867466916389596610922,True
99,100,0,2,1.25282547686146519936093141624,96,1.25282547686146519936093141624,True
101,102,1,1,1.25669211073596931846608659002,102,1.25669211073596931846608659002,True
103,104,1,1,1.25836988873434785109259305703,104,1.25836988873434785109259305703,True
105,106,1,1,1.25393914580439188759007271358,106,1.25393914580439188759007271358,True
107,108,1,1,1.25927291218944754289274444497,108,1.25927291218944754289274444497,True
109,110,1,1,1.25083755122749891665951324045,110,1.25083755122749891665951324045,True
111,112,1,1,1.25855657308361055933471735445,112,1.25855657308361055933471735445,True
113,114,0,2,1.24752150992808736740612592185,106,1.24752150992808736740612592185,True
115,116,1,1,1.25695983588299518115243308205,116,1.25695983588299518115243308205,True
117,118,0,2,1.25725553978796935386960470784,114,1.25725553978796935386960470784,True
119,120,1,1,1.25482079148043250440076864298,120,1.25482079148043250440076864298,True
121,122,1,1,1.25856137971387124295363592786,122,1.25856137971387124295363592786,True
123,124,0,2,1.25233063023686975627403078481,120,1.25233063023686975627403078481,True
125,126,1,1,1.25825040064455036690556959332,126,1.25825040064455036690556959332,True
127,128,0,2,1.24960981767834514592914363658,120,1.24960981767834514592914363658,True
129,130,1,1,1.25709407780944319509338926142,130,1.25709407780944319509338926142,True
131,132,1,1,1.25623921853845346511149365543,132,1.25623921853845346511149365543,True
133,134,1,1,1.25541511504899213460067967546,134,1.25541511504899213460067967546,True
135,136,1,1,1.25794877031570510170670105370,136,1.25794877031570510170670105370,True
137,138,1,1,1.25339010956890260086112529987,138,1.25339010956890260086112529987,True
139,140,1,1,1.25795989296883568824884084691,140,1.25795989296883568824884084691,True
141,142,0,2,1.25112917508848508738446780061,138,1.25112917508848508738446780061,True
143,144,1,1,1.25714344165762658819936414420,144,1.25714344165762658819936414420,True
145,146,1,1,1.25519596168640108285908802160,146,1.25519596168640108285908802160,True
147,148,0,2,1.25582065001636595661008433897,144,1.25582065001636595661008433897,True
149,150,1,1,1.25739611473404987269647936364,150,1.25739611473404987269647936364,True
151,152,1,1,1.25415933780904613337231538679,152,1.25415933780904613337231538679,True
153,154,1,1,1.25768064776525825043138345096,154,1.25768064776525825043138345096,True
155,156,1,1,1.25226213542453649657285205979,156,1.25226213542453649657285205979,True
157,158,1,1,1.25713641868819931086999166928,158,1.25713641868819931086999166928,True
159,160,1,1,1.25387760681600439431826554059,160,1.25387760681600439431826554059,True
161,162,1,1,1.25609718380765243553796381040,162,1.25609718380765243553796381040,True
163,164,1,1,1.25687397912718009948968499427,164,1.25687397912718009948968499427,True
165,166,0,2,1.25472694927329684406850007673,162,1.25472694927329684406850007673,True
167,168,1,1,1.25740851691165233153502187271,168,1.25740851691165233153502187271,True
169,170,1,1,1.25312328102137136075344847430,170,1.25312328102137136075344847430,True
171,172,0,2,1.25709035680955309355642480584,168,1.25709035680955309355642480584,True
173,174,0,2,1.25135058919608408368053164023,166,1.25135058919608408368053164023,True
175,176,1,1,1.25628262102704846088402237244,176,1.25628262102704846088402237244,True
177,178,1,1,1.25635492355913276649310266300,178,1.25635492355913276649310266300,True
179,180,1,1,1.25515015552189297361742565955,180,1.25515015552189297361742565955,True
181,182,1,1,1.25713930018115870749202137921,182,1.25713930018115870749202137921,True
183,184,1,1,1.25378756531464316925843742506,184,1.25378756531464316925843742506,True
185,186,1,1,1.25701606715918509145656155447,186,1.25701606715918509145656155447,True
187,188,0,2,1.25225621076049531476843716632,180,1.25225621076049531476843716632,True
189,190,0,2,1.25640185084278355684963977023,186,1.25640185084278355684963977023,True
191,192,1,1,1.25580464188273064316363116583,192,1.25580464188273064316363116583,True
193,194,1,1,1.25546721199632384145023161031,194,1.25546721199632384145023161031,True
195,196,0,2,1.25686836282463330405327596796,192,1.25686836282463330405327596796,True
197,198,1,1,1.25430572681443073679060877530,198,1.25430572681443073679060877530,True
199,200,1,1,1.25692031372866138391113686973,200,1.25692031372866138391113686973,True
201,202,1,1,1.25297670627431277508652151925,202,1.25297670627431277508652151925,True
203,204,1,1,1.25647167562027981259307269231,204,1.25647167562027981259307269231,True
205,206,1,1,1.25516062639969966343159932044,206,1.25516062639969966343159932044,True
207,208,1,1,1.25570445874547347908431141771,208,1.25570445874547347908431141771,True
209,210,1,1,1.25659005417064952535092062954,210,1.25659005417064952535092062954,True
211,212,1,1,1.25471311463144336004608153557,212,1.25471311463144336004608153557,True
213,214,0,2,1.25680720173884627472340153962,210,1.25680720173884627472340153962,True
215,216,1,1,1.25355582265836171342305620089,216,1.25355582265836171342305620089,True
217,218,1,1,1.25650367724859788411154692721,218,1.25650367724859788411154692721,True
219,220,0,2,1.25422049415240801858181802844,216,1.25422049415240801858181802844,True
221,222,1,1,1.25588047891190587784179208231,222,1.25588047891190587784179208231,True
223,224,1,1,1.25629666486439156244619921418,224,1.25629666486439156244619921418,True
225,226,1,1,1.25503496487066190185829236022,226,1.25503496487066190185829236022,True
227,228,1,1,1.25667894850644040016745973153,228,1.25667894850644040016745973153,True
229,230,1,1,1.25402506361235106166714012730,230,1.25402506361235106166714012730,True
231,232,1,1,1.25650594583760558111424851182,232,1.25650594583760558111424851182,True
233,234,0,2,1.25288937604097921411221210572,226,1.25288937604097921411221210572,True
235,236,1,1,1.25600864934624467441716668953,236,1.25600864934624467441716668953,True
237,238,0,2,1.25597622926719493793610478580,234,1.25597622926719493793610478580,True
239,240,1,1,1.25528967334788746286800592763,240,1.25528967334788746286800592763,True
241,242,1,1,1.25653626784986504737103598996,242,1.25653626784986504737103598996,True
243,244,0,2,1.25440758767338388113208801304,240,1.25440758767338388113208801304,True
245,246,1,1,1.25648415063846763840202097192,246,1.25648415063846763840202097192,True
247,248,0,2,1.25340052451443808372343011838,240,1.25340052451443808372343011838,True
249,250,1,1,1.25609875569794437864439846273,250,1.25609875569794437864439846273,True
251,252,1,1,1.25560689979616835931956317430,252,1.25560689979616835931956317430,True
253,254,1,1,1.25549089070415986863252762981,254,1.25549089070415986863252762981,True
255,256,1,1,1.25637845819764209619441385756,256,1.25637845819764209619441385756,True
257,258,1,1,1.25472072574395185612930004374,258,1.25472072574395185612930004374,True
259,260,1,1,1.25644221221755645987559561749,260,1.25644221221755645987559561749,True
261,262,0,2,1.25382637235622808808515404854,258,1.25382637235622808808515404854,True
263,264,1,1,1.25615804262002973885950846635,264,1.25615804262002973885950846635,True
265,266,1,1,1.25513748840538715019345787417,266,1.25513748840538715019345787417,True
267,268,0,2,1.25564890079844663483964695171,264,1.25564890079844663483964695171,True
269,270,1,1,1.25620317034266893241729374944,270,1.25620317034266893241729374944,True
271,272,1,1,1.25497765115934465021332341599,272,1.25497765115934465021332341599,True
273,274,1,1,1.25638271846584840946501911344,274,1.25638271846584840946501911344,True
275,276,1,1,1.25418284563927500314338526525,276,1.25418284563927500314338526525,True
277,278,1,1,1.25619191109490178259064214503,278,1.25619191109490178259064214503,True
279,280,1,1,1.25435081307878261876737162618,280,1.25435081307878261876737162618,True
281,282,1,1,1.25577154922363707522422293019,282,1.25577154922363707522422293019,True
283,284,1,1,1.25600565729974796537417296998,284,1.25600565729974796537417296998,True
285,286,0,2,1.25518851391659394553270620362,282,1.25518851391659394553270620362,True
287,288,1,1,1.25630716039106087913868875781,288,1.25630716039106087913868875781,True
289,290,1,1,1.25448229408976426581550279084,290,1.25448229408976426581550279084,True
291,292,0,2,1.25620438779078469597440287729,288,1.25620438779078469597440287729,True
293,294,0,2,1.25367917781984813617040208841,286,1.25367917781984813617040208841,True
295,296,1,1,1.25586488149984948781450072507,296,1.25586488149984948781450072507,True
297,298,1,1,1.25577685811121002225139545766,298,1.25577685811121002225139545766,True
299,300,1,1,1.25536122708885334558431764950,300,1.25536122708885334558431764950,True
301,302,1,1,1.25621601884781131279547514882,302,1.25621601884781131279547514882,True
303,304,1,1,1.25473441049662392760294429837,304,1.25473441049662392760294429837,True
305,306,1,1,1.25619844143689332519302222470,306,1.25619844143689332519302222470,True
307,308,0,2,1.25401102004078493139438494234,300,1.25401102004078493139438494234,True
309,310,0,2,1.25593358902554887530684322081,306,1.25593358902554887530684322081,True
311,312,1,1,1.25549798823003742084358546225,312,1.25549798823003742084358546225,True
313,314,1,1,1.25550202208417927786002008976,314,1.25550202208417927786002008976,True
315,316,0,2,1.25610869110769538356046874273,312,1.25610869110769538356046874273,True
317,318,1,1,1.25494688401816503068984157530,318,1.25494688401816503068984157530,True
319,320,1,1,1.25617619105345051168464610272,320,1.25617619105345051168464610272,True
321,322,1,1,1.25429533965760524073440991963,322,1.25429533965760524073440991963,True
323,324,1,1,1.25598132447296055970502062962,324,1.25598132447296055970502062962,True
325,326,1,1,1.25511976406787848874624238919,326,1.25511976406787848874624238919,True
327,328,1,1,1.25561584693436255104986087584,328,1.25561584693436255104986087584,True
329,330,1,1,1.25598318127831184257472525974,330,1.25598318127831184257472525974,True
331,332,1,1,1.25512587198689764521239298263,332,1.25512587198689764521239298263,True
333,334,0,2,1.25613903101038099343554185902,330,1.25613903101038099343554185902,True
335,336,1,1,1.25453944945833811224041555671,336,1.25453944945833811224041555671,True
337,338,1,1,1.25601092605923262410425080075,338,1.25601092605923262410425080075,True
339,340,0,2,1.25434347792897410352825212576,336,1.25434347792897410352825212576,True
341,342,1,1,1.25570665581675639184547992740,342,1.25570665581675639184547992740,True
343,344,1,1,1.25583532870204145982156258024,344,1.25583532870204145982156258024,True
345,346,1,1,1.25527634558777352260818473563,346,1.25527634558777352260818473563,True
347,348,1,1,1.25608768230693485484163195754,348,1.25608768230693485484163195754,True
349,350,1,1,1.25474928715598236771217541237,350,1.25474928715598236771217541237,True
351,352,1,1,1.25602457600009354748450694464,352,1.25602457600009354748450694464,True
353,354,0,2,1.25414488888487911211556073718,346,1.25414488888487911211556073718,True
355,356,1,1,1.25577762170456050288470862876,356,1.25577762170456050288470862876,True
357,358,0,2,1.25565688929937120324904065130,354,1.25565688929937120324904065130,True
359,360,1,1,1.25540234636784840963843488671,360,1.25540234636784840963843488671,True
361,362,1,1,1.25602216272330223776321152725,362,1.25602216272330223776321152725,True
363,364,0,2,1.25492971115153488905862572817,360,1.25492971115153488905862572817,True
365,366,1,1,1.25602390898855935917552430761,366,1.25602390898855935917552430761,True
367,368,0,2,1.25437967415240682112368855294,360,1.25437967415240682112368855294,True
369,370,1,1,1.25583129354346801659964255564,370,1.25583129354346801659964255564,True
371,372,1,1,1.25542991244819423555968062233,372,1.25542991244819423555968062233,True
373,374,1,1,1.25550717867220394241215003909,374,1.25550717867220394241215003909,True
375,376,1,1,1.25594164209312411362386427197,376,1.25594164209312411362386427197,True
377,378,1,1,1.25508472380084816838174580047,378,1.25508472380084816838174580047,True
379,380,1,1,1.25601007954612726563356648778,380,1.25601007954612726563356648778,True
381,382,0,2,1.25458464211615460369223182283,378,1.25458464211615460369223182283,True
383,384,1,1,1.25586971240286827962176471669,384,1.25586971240286827962176471669,True
385,386,1,1,1.25510269607622287679178483699,386,1.25510269607622287679178483699,True
387,388,0,2,1.25559355530017398790059446198,384,1.25559355530017398790059446198,True
389,390,1,1,1.25584409235256444323680044540,390,1.25584409235256444323680044540,True
391,392,1,1,1.25521764172714922828465435406,392,1.25521764172714922828465435406,True
393,394,1,1,1.25598379087900255838159133818,394,1.25598379087900255838159133818,True
395,396,1,1,1.25476368070089798370333203460,396,1.25476368070089798370333203460,True
397,398,1,1,1.25589449627384522069768967559,398,1.25589449627384522069768967559,True
399,400,1,1,1.25424633308551036307292588568,400,1.25424633308551036307292588568,True
401,402,1,1,1.25566370844077749013039478256,402,1.25566370844077749013039478256,True
403,404,1,1,1.25572549087263872238520592955,404,1.25572549087263872238520592955,True
405,406,0,2,1.25533122693237201752806386918,402,1.25533122693237201752806386918,True
407,408,1,1,1.25594528054486723400363053778,408,1.25594528054486723400363053778,True
409,410,1,1,1.25492004658473174516024313461,410,1.25492004658473174516024313461,True
411,412,0,2,1.25590689969884950871586205109,408,1.25590689969884950871586205109,True
413,414,0,2,1.25444530817677447672202715518,406,1.25444530817677447672202715518,True
415,416,1,1,1.25571947435477046352088615963,416,1.25571947435477046352088615963,True
417,418,1,1,1.25557783655064880914263277985,418,1.25557783655064880914263277985,True
419,420,1,1,1.25542778850636725565693394670,420,1.25542778850636725565693394670,True
421,422,1,1,1.25589424653758764800185912008,422,1.25589424653758764800185912008,True
423,424,1,1,1.25505648148140180876536811180,424,1.25505648148140180876536811180,True
425,426,1,1,1.25590785157744212195904458717,426,1.25590785157744212195904458717,True
427,428,0,2,1.25462131723079565699326533790,420,1.25462131723079565699326533790,True
429,430,0,2,1.25576235773827751460241477165,426,1.25576235773827751460241477165,True
431,432,1,1,1.25538303379732938911917750474,432,1.25538303379732938911917750474,True
433,434,1,1,1.25550926198646540754470300777,434,1.25550926198646540754470300777,True
435,436,0,2,1.25582967375127388487926146071,432,1.25582967375127388487926146071,True
437,438,1,1,1.25517530360610907064048741904,438,1.25517530360610907064048741904,True
439,440,1,1,1.25589797170994556413073810500,440,1.25589797170994556413073810500,True
441,442,1,1,1.25477703865529736250797751680,442,1.25477703865529736250797751680,True
443,444,1,1,1.25579357984313044290036430279,444,1.25579357984313044290036430279,True
445,446,1,1,1.25508282963854385711462665603,446,1.25508282963854385711462665603,True
447,448,1,1,1.25557727147781248195795457658,448,1.25557727147781248195795457658,True
449,450,1,1,1.25574946385291178027869064481,450,1.25574946385291178027869064481,True
451,452,1,1,1.25527848010078256999613871124,452,1.25527848010078256999613871124,True
453,454,0,2,1.25587756315053818859831425982,450,1.25587756315053818859831425982,True
455,456,1,1,1.25491475757884793378650237305,456,1.25491475757884793378650237305,True
457,458,1,1,1.25581411296643258466642734069,458,1.25581411296643258466642734069,False
459,460,0,2,1.25449788618053079367307960385,456,1.25449788618053079367307960385,False
461,462,1,1,1.25563317824236676230111374765,462,1.25563317824236676230111374765,False
463,464,1,1,1.25564960984678567238054453321,464,1.25564960984678567238054453321,False
465,466,1,1,1.25536768468732048970207659717,466,1.25536768468732048970207659717,False
467,468,1,1,1.25584657186727565189370961369,468,1.25584657186727565189370961369,False
469,470,1,1,1.25503643106481115510573760400,470,1.25503643106481115510573760400,False
471,472,1,1,1.25582470262896004454646459278,472,1.25582470262896004454646459278,False
473,474,0,2,1.25465170869190323397755708425,466,1.25465170869190323397755708425,False
475,476,1,1,1.25567811842166321565658053606,476,1.25567811842166321565658053606,False
477,478,0,2,1.25552209121525916910608013978,474,1.25552209121525916910608013978,False
479,480,1,1,1.25544434372345149729341621711,480,1.25544434372345149729341621711,False
481,482,1,1,1.25580449448400276521239215488,482,1.25580449448400276521239215488,False
483,484,0,2,1.25514374065630087930088110951,480,1.25514374065630087930088110951,False
485,486,1,1,1.25582587739759683882957060655,486,1.25582587739759683882957060655,False
487,488,0,2,1.25478923172183169738003789610,480,1.25478923172183169738003789610,False
489,490,1,1,1.25571303174705233860237805541,490,1.25571303174705233860237805541,False
491,492,1,1,1.25534794180813403090256423062,492,1.25534794180813403090256423062,False
493,494,1,1,1.25550967302867647010563213896,494,1.25550967302867647010563213896,False
495,496,1,1,1.25575019109799944628851445329,496,1.25575019109799944628851445329,False
497,498,1,1,1.25523813491726230604974935693,498,1.25523813491726230604974935693,False
499,500,1,1,1.25581794452663396583674524914,500,1.25581794452663396583674524914,False
501,502,0,2,1.25491211812421963181959519973,498,1.25491211812421963181959519973,False
503,504,1,1,1.25573868241026238670262978864,504,1.25573868241026238670262978864,False
505,506,1,1,1.25505602460209553836380825037,506,1.25505602460209553836380825037,False
507,508,0,2,1.25556470723893337204447895729,504,1.25556470723893337204447895729,False
509,510,1,1,1.25568149987764318716348291299,510,1.25568149987764318716348291299,False
511,512,1,1,1.25532086399586404254251116904,512,1.25532086399586404254251116904,False
513,514,1,1,1.25580096677010105129840358458,514,1.25580096677010105129840358458,False
515,516,1,1,1.25502181194519736977210299371,516,1.25502181194519736977210299371,False
517,518,1,1,1.25575567262298851884731204488,518,1.25575567262298851884731204488,False
519,520,1,1,1.25467732766764468978557493783,520,1.25467732766764468978557493783,False
521,522,1,1,1.25561032297452023571070366787,522,1.25561032297452023571070366787,False
523,524,1,1,1.25559437110699613335264761985,524,1.25559437110699613335264761985,False
525,526,0,2,1.25539300775570703223867360459,522,1.25539300775570703223867360459,False
527,528,1,1,1.25577471051598672267770855949,528,1.25577471051598672267770855949,False
529,530,1,1,1.25511957028648958102077312965,530,1.25511957028648958102077312965,False
531,532,0,2,1.25576444867579450846620587382,528,1.25576444867579450846620587382,False
533,534,0,2,1.25480029301324018515840003589,526,1.25480029301324018515840003589,False
535,536,1,1,1.25564725671744847848685370557,536,1.25564725671744847848685370557,False
537,538,1,1,1.25548057542189200824066360212,538,1.25548057542189200824066360212,False
539,540,1,1,1.25545549865251579671040260804,540,1.25545549865251579671040260804,False
541,542,1,1,1.25573854460619449552246419021,542,1.25573854460619449552246419021,False
543,544,1,1,1.25520648956824589216072516971,544,1.25520648956824589216072516971,False
545,546,1,1,1.25576529834654667735312576842,546,1.25576529834654667735312576842,False
547,548,0,2,1.25491112626734168099593849871,540,1.25491112626734168099593849871,False
549,550,0,2,1.25567611794957226303071049227,546,1.25567611794957226303071049227,False
551,552,1,1,1.25531951116644159368725934746,552,1.25531951116644159368725934746,False
553,554,1,1,1.25550914024578406260937086778,554,1.25550914024578406260937086778,False
555,556,0,2,1.25569124421321316514931204244,552,1.25569124421321316514931204244,False
557,558,1,1,1.25528352722200587708040186865,558,1.25528352722200587708040186865,False
559,560,1,1,1.25575833700395826022028588844,560,1.25575833700395826022028588844,False
561,562,1,1,1.25501092237398880629956534097,562,1.25501092237398880629956534097,False
563,564,1,1,1.25569739775806834324925668046,564,1.25569739775806834324925668046,False
565,566,1,1,1.25501314576217746370565911750,566,1.25501314576217746370565911750,False
567,568,1,1,1.25555462200092634955132944134,568,1.25555462200092634955132944134,False
569,570,1,1,1.25563058845964855556798229119,570,1.25563058845964855556798229119,False
571,572,1,1,1.25535151961550774869340944414,572,1.25535151961550774869340944414,False
573,574,0,2,1.25574347708211963024585357295,570,1.25574347708211963024585357295,False
575,576,1,1,1.25510064496213449489103889151,576,1.25510064496213449489103889151,False
577,578,1,1,1.25571147271454319116394226524,578,1.25571147271454319116394226524,False
579,580,0,2,1.25481031406380488153418401841,576,1.25481031406380488153418401841,False
581,582,1,1,1.25559253083686351687581973606,582,1.25559253083686351687581973606,False
583,584,1,1,1.25555243696061627581084633395,584,1.25555243696061627581084633395,False
585,586,1,1,1.25541119683015799018110182116,586,1.25541119683015799018110182116,False
587,588,1,1,1.25572037036737972619551483567,588,1.25572037036737972619551483567,False
589,590,1,1,1.25518114324015734201605972047,590,1.25518114324015734201605972047,False
591,592,1,1,1.25571860329195755242312191146,592,1.25571860329195755242312191146,False
593,594,0,2,1.25491117606972288589481609816,586,1.25491117606972288589481609816,False
595,596,1,1,1.25562335968694829590873091514,596,1.25562335968694829590873091514,False
597,598,0,2,1.25544816802601920921558776713,594,1.25544816802601920921558776713,False
599,600,1,1,1.25546319476533750351666131642,600,1.25546319476533750351666131642,False
601,602,1,1,1.25568830126798262675132682814,602,1.25568830126798262675132682814,False
603,604,0,2,1.25525316614127090449497061265,600,1.25525316614127090449497061265,False
605,606,1,1,1.25571892524559173277729068169,606,1.25571892524559173277729068169,False
607,608,0,2,1.25500266870311790455331301422,600,1.25500266870311790455331301422,False
609,610,1,1,1.25564751314569556139920274440,610,1.25564751314569556139920274440,False
611,612,1,1,1.25529454785526640278467431059,612,1.25529454785526640278467431059,False
613,614,1,1,1.25550806492014505481460880133,614,1.25550806492014505481460880133,False
615,616,1,1,1.25564598232107214823776820790,616,1.25564598232107214823776820790,False
617,618,1,1,1.25531737415807495244156303145,618,1.25531737415807495244156303145,False
619,620,1,1,1.25571243094652280035569053376,620,1.25571243094652280035569053376,False
621,622,0,2,1.25508554639218039914970361405,618,1.25508554639218039914970361405,False
623,624,1,1,1.25566531004026896473687649379,624,1.25566531004026896473687649379,False
625,626,1,1,1.25489358824929445251164314982,626,1.25489358824929445251164314982,False
627,628,0,2,1.25554628209276473853103047276,624,1.25554628209276473853103047276,False
629,630,1,1,1.25559113006563565325263268147,630,1.25559113006563565325263268147,False
631,632,1,1,1.25537434920964511448505514858,632,1.25537434920964511448505514858,False
633,634,1,1,1.25569893496857547423559039009,634,1.25569893496857547423559039009,False
635,636,1,1,1.25516047986054006822825263899,636,1.25516047986054006822825263899,False
637,638,1,1,1.25567698244749361126474347746,638,1.25567698244749361126474347746,False
639,640,1,1,1.25491188901175364720109569780,640,1.25491188901175364720109569780,False
641,642,1,1,1.25557825013036492681181212491,642,1.25557825013036492681181212491,False
643,644,1,1,1.25551946249281690824474483409,644,1.25551946249281690824474483409,False
645,646,0,2,1.25542460280524311905397917289,642,1.25542460280524311905397917289,False
647,648,1,1,1.25567801278554715897622152782,648,1.25567801278554715897622152782,False
649,650,1,1,1.25522806565429287264544921501,650,1.25522806565429287264544921501,False
651,652,0,2,1.25568267019249086369553986634,648,1.25568267019249086369553986634,False
653,654,0,2,1.25499632340256873995314726964,646,1.25499632340256873995314726964,False
655,656,1,1,1.25560430574635708555809404922,656,1.25560430574635708555809404922,False
657,658,1,1,1.25542175679186537930651079413,658,1.25542175679186537930651079413,False
659,660,1,1,1.25546858269957687785384039067,660,1.25546858269957687785384039067,False
661,662,1,1,1.25564888940473999311344120773,662,1.25564888940473999311344120773,False
663,664,1,1,1.25528883419582536926756867853,664,1.25528883419582536926756867853,False
665,666,1,1,1.25568240905800047932736940503,666,1.25568240905800047932736940503,False
667,668,0,2,1.25507330650377337630132855890,660,1.25507330650377337630132855890,False
669,670,0,2,1.25562472028035232091380000070,666,1.25562472028035232091380000070,False
671,672,1,1,1.25527064551946234995517318938,672,1.25527064551946234995517318938,False
673,674,1,1,1.25550667817047378260973382876,674,1.25550667817047378260973382876,False
675,676,0,2,1.25561022524404125917549129247,672,1.25561022524404125917549129247,False
677,678,1,1,1.25534325656221878981070149735,678,1.25534325656221878981070149735,False
679,680,1,1,1.25567610948586219270123087027,680,1.25567610948586219270123087027,False
681,682,1,1,1.25514337704819754193068344486,682,1.25514337704819754193068344486,False
683,684,1,1,1.25563969908308310558542855745,684,1.25563969908308310558542855745,False
685,686,1,1,1.25491302248156001800911654579,686,1.25491302248156001800911654579,False
687,688,1,1,1.25553922398538266138420741786,688,1.25553922398538266138420741786,False
689,690,1,1,1.25555966358486813971583058078,690,1.25555966358486813971583058078,False
691,692,1,1,1.25539175014082091452423225141,692,1.25539175014082091452423225141,False
693,694,0,2,1.25566351976751292783932228961,690,1.25566351976751292783932228961,False
695,696,1,1,1.25520701770568332437873409401,696,1.25520701770568332437873409401,False
697,698,1,1,1.25564937791881134570008384745,698,1.25564937791881134570008384745,False
699,700,0,2,1.25499138821882715734262589192,696,1.25499138821882715734262589192,False
701,702,1,1,1.25556650305147335223696450397,702,1.25556650305147335223696450397,False
703,704,1,1,1.25549272172125196409645738293,704,1.25549272172125196409645738293,False
705,706,1,1,1.25543468327393559089392970726,706,1.25543468327393559089392970726,False
707,708,1,1,1.25564416195005799657063392537,708,1.25564416195005799657063392537,False
709,710,1,1,1.25526466070910833806829076753,710,1.25526466070910833806829076753,False
711,712,1,1,1.25565381530810298267157197618,712,1.25565381530810298267157197618,False
713,714,0,2,1.25506324577739834610224944492,706,1.25506324577739834610224944492,False
715,716,1,1,1.25558874765558075486369102500,716,1.25558874765558075486369102500,False
717,718,0,2,1.25539931381702499096344274954,714,1.25539931381702499096344274954,False
719,720,1,1,1.25547237896571822212828195378,720,1.25547237896571822212828195378,False
721,722,1,1,1.25561721563963862372006866610,722,1.25561721563963862372006866610,False
723,724,0,2,1.25531669262736257477722163670,720,1.25531669262736257477722163670,False
725,726,1,1,1.25565297892123867598017664169,726,1.25565297892123867598017664169,False
727,728,0,2,1.25512903423882044349690110465,720,1.25512903423882044349690110465,False
729,730,1,1,1.25560613907965238314417340101,730,1.25560613907965238314417340101,False
731,732,1,1,1.25524535148077277231972403320,732,1.25524535148077277231972403320,False
733,734,1,1,1.25550511768412890061360618125,734,1.25550511768412890061360618125,False
735,736,1,1,1.25558129199668358054197534108,736,1.25558129199668358054197534108,False
737,738,1,1,1.25536345837624634239230355880,738,1.25536345837624634239230355880,False
739,740,1,1,1.25564672263736150730614902405,740,1.25564672263736150730614902405,False
741,742,0,2,1.25518914951614992746837032961,738,1.25518914951614992746837032961,False
743,744,1,1,1.25561880519902462804792082746,744,1.25561880519902462804792082746,False
745,746,1,1,1.25498751334474129322350690828,746,1.25498751334474129322350690828,False
747,748,0,2,1.25553313924512495162160704508,744,1.25553313924512495162160704508,False
749,750,1,1,1.25553394436612203356094545382,750,1.25553394436612203356094545382,False
751,752,1,1,1.25540526453335700366950910178,752,1.25540526453335700366950910178,False
753,754,1,1,1.25563474794997967913435862681,754,1.25563474794997967913435862681,False
755,756,1,1,1.25524394837461286915677014539,756,1.25524394837461286915677014539,False
757,758,1,1,1.25562681538873901769571187020,758,1.25562681538873901769571187020,False
759,760,1,1,1.25505487562360885312737309427,760,1.25505487562360885312737309427,False
761,762,1,1,1.25555664370934910741120583212,762,1.25555664370934910741120583212,False
763,764,1,1,1.25547041805281568349025401329,764,1.25547041805281568349025401329,False
765,766,0,2,1.25544238199855688803972819749,762,1.25544238199855688803972819749,False
767,768,1,1,1.25561653719862884016385402406,768,1.25561653719862884016385402406,False
769,770,1,1,1.25529375186603123556959249491,770,1.25529375186603123556959249491,False
771,772,0,2,1.25563017159023041752910751355,768,1.25563017159023041752910751355,False
773,774,0,2,1.25511686712053386039236133777,766,1.25511686712053386039236133777,False
775,776,1,1,1.25557579114431399635960566800,776,1.25557579114431399635960566800,False
777,778,1,1,1.25537941102237291148194157401,778,1.25537941102237291148194157401,False
779,780,1,1,1.25547504801566612220625411735,780,1.25547504801566612220625411735,False
781,782,1,1,1.25559123177173526006096088668,782,1.25559123177173526006096088668,False
783,784,1,1,1.25533884823272092204040401192,784,1.25533884823272092204040401192,False
785,786,1,1,1.25562879355365687886448287700,786,1.25562879355365687886448287700,False
787,788,0,2,1.25517381652332584864814837477,780,1.25517381652332584864814837477,False
789,790,0,2,1.25559069999244371521406212507,786,1.25559069999244371521406212507,False
791,792,1,1,1.25521479487617249473331191358,792,1.25521479487617249473331191358,False
793,794,1,1,1.25550346754110367928481197982,794,1.25550346754110367928481197982,False
795,796,0,2,1.25555739124706489627436936567,792,1.25555739124706489627436936567,False
797,798,1,1,1.25537949532075312987794325715,798,1.25537949532075312987794325715,False
799,800,1,1,1.25562249470304595895845984476,800,1.25562249470304595895845984476,False
801,802,1,1,1.25522602166552899519111028933,802,1.25522602166552899519111028933,False
803,804,1,1,1.25560144361102955440814459984,804,1.25560144361102955440814459984,False
805,806,1,1,1.25504783730998560516007880045,806,1.25504783730998560516007880045,False
807,808,1,1,1.25552781390770727559090652176,808,1.25552781390770727559090652176,False
809,810,1,1,1.25551245675961770102852244564,810,1.25551245675961770102852244564,False
811,812,1,1,1.25541592252655459346125142730,812,1.25541592252655459346125142730,False
813,814,0,2,1.25561094194082779206540072646,810,1.25561094194082779206540072646,False
815,816,1,1,1.25527375204546125353423625028,816,1.25527375204546125353423625028,False
817,818,1,1,1.25560804426612243455411954367,818,1.25560804426612243455411954367,False
819,820,0,2,1.25510644057227557613775137812,816,1.25510644057227557613775137812,False
821,822,1,1,1.25554822868133792638366753961,822,1.25554822868133792638366753961,False
823,824,1,1,1.25545131280064115313396425900,824,1.25545131280064115313396425900,False
825,826,1,1,1.25544833228361946505528938749,826,1.25544833228361946505528938749,False
827,828,1,1,1.25559358596718215313151273633,828,1.25559358596718215313151273633,False
829,830,1,1,1.25531725096761580837415709299,830,1.25531725096761580837415709299,False
831,832,1,1,1.25561046337640786279510555139,832,1.25561046337640786279510555139,False
833,834,0,2,1.25516053346990682015830581532,826,1.25516053346990682015830581532,False
835,836,1,1,1.25556482053506042746859779668,836,1.25556482053506042746859779668,False
837,838,0,2,1.25536093271171216934964442014,834,1.25536093271171216934964442014,False
839,840,1,1,1.25547690107603456447906757033,840,1.25547690107603456447906757033,False
841,842,1,1,1.25556953274312681304681605790,842,1.25556953274312681304681605790,False
843,844,0,2,1.25535673733097606649601202295,840,1.25535673733097606649601202295,False
845,846,1,1,1.25560858592878333555805910394,846,1.25560858592878333555805910394,False
847,848,0,2,1.25521036716379717741346763146,840,1.25521036716379717741346763146,False
849,850,1,1,1.25557766285525565500563953144,850,1.25557766285525565500563953144,False
851,852,1,1,1.25516751350137810476382485567,852,1.25516751350137810476382485567,False
853,854,1,1,1.25550177994030035471419770537,854,1.25550177994030035471419770537,False
855,856,1,1,1.25553728410178832776103509089,856,1.25553728410178832776103509089,False
857,858,1,1,1.25539240707815697051919085222,858,1.25539240707815697051919085222,False
859,860,1,1,1.25560219532448768124856007880,860,1.25560219532448768124856007880,False
861,862,0,2,1.25525617004471678134267236301,858,1.25525617004471678134267236301,False
863,864,1,1,1.25558678961855467378450033950,864,1.25558678961855467378450033950,False
865,866,1,1,1.25509742479528663199027928732,866,1.25509742479528663199027928732,False
867,868,0,2,1.25552309438307792131343290368,864,1.25552309438307792131343290368,False
869,870,1,1,1.25549414072554002479967152180,870,1.25549414072554002479967152180,False
871,872,1,1,1.25542443430760652555322386530,872,1.25542443430760652555322386530,False
873,874,1,1,1.25559093154050470622223659932,874,1.25559093154050470622223659932,False
875,876,1,1,1.25529814933857969536233965538,876,1.25529814933857969536233965538,False
877,878,1,1,1.25559218878717668710248898838,878,1.25559218878717668710248898838,False
879,880,1,1,1.25514892878398051399456153485,880,1.25514892878398051399456153485,False
881,882,1,1,1.25554094359442863586230763769,882,1.25554094359442863586230763769,False
883,884,1,1,1.25543451201393885572561061084,884,1.25543451201393885572561061084,False
885,886,0,2,1.25545297203735662044923181826,882,1.25545297203735662044923181826,False
887,888,1,1,1.25557421808492152877441671812,888,1.25557421808492152877441671812,False
889,890,1,1,1.25533649245295052404732529767,890,1.25533649245295052404732529767,False
891,892,0,2,1.25559379196441364623894780624,888,1.25559379196441364623894780624,False
893,894,0,2,1.25519658826082854851648992142,886,1.25519658826082854851648992142,False
895,896,1,1,1.25555539876454383411181772780,896,1.25555539876454383411181772780,False
897,898,1,1,1.25534286194538959357433523417,898,1.25534286194538959357433523417,False
899,900,1,1,1.25547815259152739294077985574,900,1.25547815259152739294077985574,False
901,902,1,1,1.25555112527724078533076047583,902,1.25555112527724078533076047583,False
903,904,1,1,1.25537136807283446571484526318,904,1.25537136807283446571484526318,False
905,906,1,1,1.25559145812951839013340004609,906,1.25559145812951839013340004609,False
907,908,0,2,1.25524059844567084244635950810,900,1.25524059844567084244635950810,False
909,910,0,2,1.25556650020080990243732426602,906,1.25556650020080990243732426602,False
911,912,1,1,1.25508956586963138878371652428,912,1.25508956586963138878371652428,False
913,914,1,1,1.25550008755773580179036345632,914,1.25550008755773580179036345632,False
915,916,0,2,1.25552008783646249015576205132,912,1.25552008783646249015576205132,False
917,918,1,1,1.25540292700572476612004330353,918,1.25540292700572476612004330353,False
919,920,1,1,1.25558494749171827370880683738,920,1.25558494749171827370880683738,False
921,922,1,1,1.25528113727151110541718418981,922,1.25528113727151110541718418981,False
923,924,1,1,1.25557425276241851654563032121,924,1.25557425276241851654563032121,False
925,926,1,1,1.25513871362413487925705663711,926,1.25513871362413487925705663711,False
927,928,1,1,1.25551886723122676890054942129,928,1.25551886723122676890054942129,False
929,930,1,1,1.25547823062711433054322222086,930,1.25547823062711433054322222086,False
931,932,1,1,1.25543130276629588173864620673,932,1.25543130276629588173864620673,False
933,934,0,2,1.25557387783293885496167456899,930,1.25557387783293885496167456899,False
935,936,1,1,1.25531836641308108798046185999,936,1.25531836641308108798046185999,False
937,938,1,1,1.25557861882743848972601107485,938,1.25557861882743848972601107485,False
939,940,0,2,1.25518437411356820729994170194,936,1.25518437411356820729994170194,False
941,942,1,1,1.25553455941420586948357420481,942,1.25553455941420586948357420481,False
943,944,1,1,1.25541933581104687047136558142,944,1.25541933581104687047136558142,False
945,946,1,1,1.25545661187908278466130438650,946,1.25545661187908278466130438650,False
947,948,1,1,1.25555764749109268303315935495,948,1.25555764749109268303315935495,False
949,950,1,1,1.25535243212725679874403072289,950,1.25535243212725679874403072289,False
951,952,1,1,1.25557950747586995626496953577,952,1.25557950747586995626496953577,False
953,954,0,2,1.25522671550183315933141535775,946,1.25522671550183315933141535775,False
955,956,1,1,1.25554720736683366383921044419,956,1.25554720736683366383921044419,False
957,958,0,2,1.25532403795553004444496659225,954,1.25532403795553004444496659225,False
959,960,1,1,1.25547895386152459793052297464,960,1.25547895386152459793052297464,False
961,962,1,1,1.25553528870479553624317986914,962,1.25553528870479553624317986914,False
963,964,0,2,1.25538346590424496546867111347,960,1.25538346590424496546867111347,False
965,966,1,1,1.25557675759085214904433356103,966,1.25557675759085214904433356103,False
967,968,0,2,1.25526589169531290537184802486,960,1.25526589169531290537184802486,False
969,970,1,1,1.25555682659273087422776620247,970,1.25555682659273087422776620247,False
971,972,1,1,1.25512966041053914476862709583,972,1.25512966041053914476862709583,False
973,974,1,1,1.25549841082762253621991668432,974,1.25549841082762253621991668432,False
975,976,1,1,1.25550515664039440020473283496,976,1.25550515664039440020473283496,False
977,978,1,1,1.25541158492166363409006417928,978,1.25541158492166363409006417928,False
979,980,1,1,1.25557011066026793396860769109,980,1.25557011066026793396860769109,False
981,982,0,2,1.25530204313891866483007618550,978,1.25530204313891866483007618550,False
983,984,1,1,1.25556339995593124977754930981,984,1.25556339995593124977754930981,False
985,986,1,1,1.25517347791653995709172136943,986,1.25517347791653995709172136943,False
987,988,0,2,1.25551504662056251211293201781,984,1.25551504662056251211293201781,False
989,990,1,1,1.25546415581953069620395616670,990,1.25546415581953069620395616670,False
991,992,1,1,1.25543689228511423546710821258,992,1.25543689228511423546710821258,False
993,994,1,1,1.25555916503436691828326967153,994,1.25555916503436691828326967153,False
995,996,1,1,1.25533529746901327398509049467,996,1.25533529746901327398509049467,False
997,998,1,1,1.25556687030984128359696012820,998,1.25556687030984128359696012820,False
999,1000,1,1,1.25521426393575955927518201999,1000,1.25521426393575955927518201999,False
1001,1002,1,1,1.25552890533502679645625053074,1002,1.25552890533502679645625053074,False
