N,M_PN,abs_diff_from_limit,gap_from_previous,K,U,Q,R
6,1.00000000000000000000000000000000000000000000000000000000000000000000000000000000000000000000000000000000000000000000000,2.554340e-01,,0,6,0,0
8,1.52306024894706327483699492936251165273327270676537655980073124588861383717014545443792154812614111767593029697641688089,2.676262e-01,5.230602e-01,1,6,0,2
10,1.00000000000000000000000000000000000000000000000000000000000000000000000000000000000000000000000000000000000000000000000,2.554340e-01,5.230602e-01,0,10,0,0
12,1.59341317380733696304779432956124806988167875895751169347059447358515524437355721022097026229559243202765389802732251961,3.379791e-01,5.934132e-01,3,6,4,2
14,1.00000000000000000000000000000000000000000000000000000000000000000000000000000000000000000000000000000000000000000000000,2.554340e-01,5.934132e-01,0,14,0,0
16,1.25509351676372287917309100323285707013065089991326985133658882345911854442834095158167125010777540083513568168551710275,3.405210e-04,2.550935e-01,1,14,0,2
18,1.39872154287974680550588982209454432996585114946960173760210178415087196111727068699762824268165645429314477481102867779,1.432875e-01,1.436280e-01,4,10,8,0
20,1.32877654772419183717430135920312450707055568327578455322388450888978920332212448966493899239935440845283575095059141624,7.334251e-02,6.994500e-02,3,14,4,2
22,1.30535777682366750414075547219671694736186053454745655084155418520541996347377142286989140286026828536326055863089046609,4.992374e-02,2.341877e-02,4,14,8,0
24,1.28008203722036170626536557221220351366013076520860072950610489132076710233409916254797411937051818331772405559192860062,2.464800e-02,2.527574e-02,3,18,4,2
26,1.36044081456314880505619162429564534065731912009425970187211213227636092512128455084504753948077115214811041710277745442,1.050068e-01,8.035878e-02,4,18,8,0
28,1.23450033678924413345371113322399932341405138484477922641399144584722444065051468109569776195159750575949866106790695533,2.093370e-02,1.259405e-01,3,22,4,2
30,1.36349941020760763445287747896096753570541984360764795984535840442435849634422909866880218950379574440912936069883283477,1.080654e-01,1.289991e-01,6,18,12,0
32,1.21944687594093033894448095024738193297504531338037932275062392469412669583972625173078738240671588159934274425030506391,3.598716e-02,1.440525e-01,3,26,4,2
34,1.30237861880316456111731069567248598330884385168159389717752114201980823050167814615265701524649193902422632915093532575,4.694458e-02,8.293174e-02,4,26,8,0
36,1.33584850220727060550445869122605621520854370791028642424861842410023843234570832480103905237908966701150793270960210230,8.041446e-02,3.346988e-02,7,22,12,2
38,1.31828663952100960830480186676189355779202002372842541020813257257966540966746901265794157577042472738764826489276813961,6.285260e-02,1.756186e-02,6,26,12,0
40,1.29586696394384291299378324039616469331515983137694977890897284481833285900366357109339231354360232910520445968461039447,4.043293e-02,2.241968e-02,5,30,8,2
42,1.30592254008946148582253835273798196082478385134421840893926741051710481988060942374259376320044582031822204937567946856,5.048850e-02,1.005558e-02,6,30,12,0
44,1.33595120558055361577481000346144548506368342751219961070730280365052001880946845810702231869761177914852669135589347020,8.051717e-02,3.002867e-02,7,30,12,2
46,1.27746583896264198187319744708106961753414189272422968804427668597240470719316151672357811516673497072992087981177728824,2.203180e-02,5.848537e-02,6,34,12,0
48,1.32081485789526762539899842499067829496986542720433835026548864067362453532715636896652539552385996600753511420518424791,6.538082e-02,4.334902e-02,7,34,12,2
50,1.27209545898788883666842698425991717555610511117363278562054823282460624231828782707809595556462748760580888039364759667,1.666142e-02,4.871940e-02,6,38,12,0
52,1.31068541469734016134509451831815529225379442610171622141248373729229263525603846694496345072148202260782009344321697460,5.525138e-02,3.858996e-02,7,38,12,2
54,1.31527895975837298935310897045243430474527333142809277914722739452524876197753940514984404993239819315843101449746278176,5.984492e-02,4.593545e-03,10,34,20,0
56,1.31224928050441428055573073503554143212704971651123757726541272316067898251640645906435076749354461074255148924217033472,5.681524e-02,3.029679e-03,9,38,16,2
58,1.30250053205727983219962065149831633204235045281390641365525011537812945678065140448012333750832283542803585520786053969,4.706649e-02,9.748748e-03,8,42,16,0
60,1.31306070086509458047999751154296875465462030162244893071922303659783676943146995020283942668431116737823953860418503169,5.762666e-02,1.056017e-02,9,42,16,2
62,1.32566780478442474944009788748961489559292006985980717676417057515953239018221918614635949349146310314980963049074469946,7.023377e-02,1.260710e-02,10,42,20,0
64,1.29138268488664901127856239249585015263866275351260865619861297982201213685524366301513374843700545349744606506332531154,3.594865e-02,3.428512e-02,9,46,16,2
66,1.32010674376548060121911458245049930853169877098106658774182056000093690988545379221177537829964576516203833861313756173,6.467271e-02,2.872406e-02,10,46,20,0
68,1.29194070547566827610538038747156184685113655779921993676653982914902001356839170455453297257188643463151872292543706215,3.650667e-02,2.816604e-02,9,50,16,2
70,1.31268946087064702063041532996890540764384951640426950105439180827448288571783204652191098544523036947167165013459757386,5.725542e-02,2.074876e-02,10,50,20,0
72,1.29184315712790850000872533604499591689520475145374371889697686024849110845772509769529138255117450987322405982110558431,3.640912e-02,2.084630e-02,11,50,20,2
74,1.30806372977966564597225503388186277151088149850970411457616427830117200707684658787151933375376652193734838293046600539,5.262969e-02,1.622057e-02,10,54,20,0
76,1.30368952555057015165485050292977918581574714636239707102225608203963059316083784296581841903806060138566308448156229839,4.825549e-02,4.374204e-03,11,54,20,2
78,1.31529806819569521004799078331875140159230305282002604572430500873879868942884848130461801635982391795208920228643788979,5.986403e-02,1.160854e-02,12,54,24,0
80,1.31940069976016536107827559808509707077968623058036527574873598365302984921106651446370564592166334097297167378823387911,6.396666e-02,4.102632e-03,13,54,24,2
82,1.29191341828515324807248236725752991181369137297528097850756175028254273956992807715715126048270894230792327084650143086,3.647938e-02,2.748728e-02,10,62,20,0
84,1.31883190837435869296620441913237945514559374839274412067173878583471930974979677677758824364106455646988701170422649910,6.339787e-02,2.691849e-02,13,58,24,2
86,1.30110335418279674740702805448558932189651050102781052231228961303876554796640886432603555275485125134459792202563363011,4.566932e-02,1.772855e-02,12,62,24,0
88,1.31274097592769928805139000148656574493684558647179654793465400309780738037258533871108199939562642105706589818106862874,5.730694e-02,1.163762e-02,13,62,24,2
90,1.29764716863059875783176668190974404170317148515552702078376099560008109559554567110436432978546604525783705310323482773,4.221313e-02,1.509381e-02,14,62,28,0
92,1.31142229782826225628422490405986648898039369137898968318959896767964871712435568236572352703164124108693296712901286873,5.598826e-02,1.377513e-02,13,66,24,2
94,1.30237486105773226029543944786217251472661189078821032250785566724305288873575973545943476159224520901652145649735021807,4.694082e-02,9.047437e-03,14,66,28,0
96,1.31573092850875926462507100141198093788957692991238155886970103008155896433993934405623306423508350566912541768964011989,6.029689e-02,1.335607e-02,15,66,28,2
98,1.31447801100002504074452947827134471254243986991224354251293436271937800923968957677377951092066746794533553700202456855,5.904397e-02,1.252918e-03,16,66,32,0
100,1.29979110862267054780313371082756549188845117559214670815588851041188754583407847714837285180413569241884834888936818961,4.435707e-02,1.468690e-02,13,74,24,2
102,1.31737585227134760515218901006214342879654929890508768742960441005426766564622282415814076419359659756168504069326330263,6.194181e-02,1.758474e-02,16,70,32,0
104,1.30577406268698469845451794080163857254128390634767409751726547789576387237609547127817709903944197912914179818825162080,5.034002e-02,1.160179e-02,15,74,28,2
106,1.31190208763214262266666366614658490279237812243648442958540934934551234896829975489690538225316089469009667257257412821,5.646805e-02,6.128025e-03,16,74,32,0
108,1.29918399290453035673458339692183398269191994939240650698714928716490584340000601156969951702138695941234591065466218731,4.374996e-02,1.271809e-02,15,78,28,2
110,1.31289917378131625728131191462885523684518202212412450923392326983454151622887873902001852404645550561139719989254265692,5.746514e-02,1.371518e-02,16,78,32,0
112,1.29385739654060688293179365087254081969102709967451305039274017183073519238884044178251133114530769111264319584736866034,3.842336e-02,1.904178e-02,15,82,28,2
114,1.31531870621046383329600175837797464726208356620735284766802449575053817199388973288825966109295091097007452540143851770,5.988467e-02,2.146131e-02,18,78,36,0
116,1.30877094309421357858148495314207376696601889907522845527039366009199880190868091883860212444653453524792577767821143738,5.333691e-02,6.547763e-03,19,78,36,2
118,1.30431610704690410397632919380418658981274688907247731083616394639093879474050633268942708146475145664218690107636340002,4.888207e-02,4.454836e-03,16,86,32,0
120,1.31583123076876946854428483989348667320953143728442742697561671336764627198874464498087157642783612663496748018968214530,6.039719e-02,1.151512e-02,19,82,36,2
122,1.30820731460135446003630320027053507957015839382152115732038304187266686572011747234170781358499380959782695025623704960,5.277328e-02,7.623916e-03,18,86,36,0
124,1.31029769350693933663730616245726308729521024269631685451979382992968723389737074759277377204737598529257296011407324715,5.486366e-02,2.090379e-03,19,86,36,2
126,1.30399363486651159510693639211567552693597230140785464761952716443667965796432096840794246376531805836644549287088269933,4.855960e-02,6.304059e-03,18,90,36,0
128,1.31342291536598961888559792888187967629615098511522666150610649761223615124706529328472898448247882274819484895417822909,5.798888e-02,9.429280e-03,19,90,36,2
130,1.29900879410429729627703842673956419614152461595873568116345878305100608562415704358936069605918831453535943623570682011,4.357476e-02,1.441412e-02,18,94,36,0
132,1.31434523117837032942310623473174245936585400035571885154668778051698802999556022184085175678704135377779435243462001682,5.891119e-02,1.533644e-02,21,90,40,2
134,1.30578647859794601872813911561227344506810844707223673637568618109593188698107998893870892423297527394141877100301887758,5.035244e-02,8.558753e-03,20,94,40,0
136,1.30701462763246110103131237171717241919167526060261727283232897370352905702980719372460029960411056952286439359836182197,5.158059e-02,1.228149e-03,19,98,36,2
138,1.31418197852951493877656212455892612346560442567853784352044650882465930543022285696975046547219174321038115608621610766,5.874794e-02,7.167351e-03,22,94,44,0
140,1.30934435746803297075444155992751220219013360788783379328415720933756974880294963698441737331736905673051951910350538362,5.391032e-02,4.837621e-03,21,98,40,2
142,1.30737344380258465866460616083637022156744949334542720501826648622400340234964661506570962090284659026496189745629558641,5.193941e-02,1.970914e-03,20,102,40,0
144,1.30700131455230350206546128298613735127008422815559259373210203374219020901597480915632694858916038748621355305187880008,5.156728e-02,3.721293e-04,21,102,40,2
146,1.31340473011216790189121755720898069646804127461721967455104677102758404300009910923396532288910863315945417122579769423,5.797069e-02,6.403416e-03,22,102,44,0
148,1.30219872218973556147116789473614720008896260035594654288343940219468063858075016531448648561412442748289209734758941262,4.676468e-02,1.120601e-02,21,106,40,2
150,1.31243445522220997554284933474475840652133329595620214240116369041445052242392358675563454915187378231328032738265302569,5.700042e-02,1.023573e-02,24,102,48,0
152,1.30052019046126655313188155486229236813567784530291061718579994254590472682992300639549962019781181135012446630400953844,4.508615e-02,1.191426e-02,21,110,40,2
154,1.30862854293427537968870274520671966985337057393815874841033689885912701571268733815836652649695223669199371951810541300,5.319451e-02,8.108352e-03,22,110,44,0
156,1.31232600437992504640155280287023499206899351562961009493336231810942563074347005442246344629751301434967407991195838197,5.689197e-02,3.697461e-03,25,106,48,2
158,1.30951049333360203665977887515497052500749283238872064041918948610825626678158856530904471584514385512267371750883865818,5.407646e-02,2.815511e-03,24,110,48,0
160,1.30809605260499350084255691464150759636955797887145433397943028794233963256251970711017932000515404764749148979235876630,5.266201e-02,1.414441e-03,23,114,44,2
162,1.30890896873997315834782281696956246795029988523645524120056149335824513319032251301290733798178438127549463250553461416,5.347493e-02,8.129161e-04,24,114,48,0
164,1.31303795648462268922936349008946536128613103862016135010238614020462996885558918981178157201502665563728234354154498050,5.760392e-02,4.128988e-03,25,114,48,2
166,1.30408180347464243850228765737760327927018894337761288358349027346314306659872914531195143209015697224345287568764989007,4.864777e-02,8.956153e-03,24,118,48,0
168,1.31136862357379546792748997478589453904118731781891012434262855790797243576052904544853280822285449386025414672156335739,5.593459e-02,7.286820e-03,25,118,48,2
170,1.30361787188133299508397810830436637000800628242223821953994478763947019093393551493129417037010088333889056957314683831,4.818383e-02,7.750752e-03,24,122,48,0
172,1.30954903836488255482864103490379667334518521432242021607865268177503766149202808992735084981987671955436842433139849913,5.411500e-02,5.931166e-03,25,122,48,2
174,1.30994655907498991138129848106947079744834049087068011168833083890965634696322116726315996490145598937649613889067470346,5.451252e-02,3.975207e-04,28,118,56,0
176,1.30806238420229250748524319101296264649314015639205248649648176657236917568457061294779599473187756619349017679304386225,5.262835e-02,1.884175e-03,25,126,48,2
178,1.30826427757058805864079366220527578166906185382395741795420675152445651031875483945055305337789803492686257742827978437,5.283024e-02,2.018934e-04,26,126,52,0
180,1.31010233506974042045610936677712517078212611091805770418073449600665165167798057111765580088262946481828144046922949667,5.466830e-02,1.838057e-03,27,126,52,2
182,1.31240474869533951534931540481817537964316629066921540572254033804248588115077255825031507882275110398989438299100519357,5.697071e-02,2.302414e-03,28,126,56,0
184,1.30475835151642403422639041757296528438658307937544299612901176450955812563094594802423070497920652322485431323282717902,4.932431e-02,7.646397e-03,27,130,52,2
186,1.31181998275517697089836539845221841531172485443070319696283263627947378425408243807803753951238868541019709892803002410,5.638595e-02,7.061631e-03,28,130,56,0
188,1.30576534645767198156457249979762309763778326776530187379251687985076465027786266523484073590554411252692891354346583907,5.033131e-02,6.054636e-03,27,134,52,2
190,1.30999038097806433782642594151686369964734319547931307571483397305922216200738119411880676350927150823764981936300797369,5.455634e-02,4.225035e-03,28,134,56,0
192,1.30493888368203617088739510728156843386914394532483662574592815378440693280720584324638769839877020681186151624499759697,4.950485e-02,5.051497e-03,29,134,56,2
194,1.30931645607772246856843366481745745363691510646609353176074230482604805401610428707961421082001092978011454424717030556,5.388242e-02,4.377572e-03,28,138,56,0
196,1.30794762303447890562721898678856940791377123047433728072525919005650020293420558103918860052107495792861272267141861852,5.251359e-02,1.368833e-03,29,138,56,2
198,1.31080304766723102514213528402762541973453142289759498002927116233398522654927920872878044813260059137805276278149034985,5.536901e-02,2.855425e-03,30,138,60,0
200,1.31150281786867631397651057730030982067723869175914450968832699604872274815524461953327895352531357719388714687539218763,5.606878e-02,6.997702e-04,31,138,60,2
202,1.30511436940143536458870541238897389296284116415840657391161299900435660706354498178343838847755322492449665301765030167,4.968033e-02,6.388448e-03,28,146,56,0
204,1.31195721657123224703787630137314861627775707296892548736805147262046586683293428604898113912456794604959918140288319179,5.652318e-02,6.842847e-03,31,142,60,2
206,1.30725097558124744441517094229325765800250299635480231441558466928041855173260044198648102454932016188578292447312839624,5.181694e-02,4.706241e-03,30,146,60,0
208,1.31006162643146558879904374241058521757484737224381065946202986833592047661078577997972623062048858856301689471698572191,5.462759e-02,2.810651e-03,31,146,60,2
210,1.30460655059017162462189314393260949716052655928993540097147748636037268508347792413827101877384941689550148387663428783,4.917251e-02,5.455076e-03,30,150,60,0
212,1.31013592447799268714959294066324049679153678261417145259792684923594696601707601183250138661308560843194473551045767757,5.470189e-02,5.529374e-03,31,150,60,2
214,1.30698891435507028944734864880671096019364778383948810331010082636882771563663569191483225903191671528595199237876160094,5.155488e-02,3.147010e-03,32,150,64,0
216,1.31113720195256848541451578575429484241651579651458323773166687506733374609224519037002270562239418194126668971033800587,5.570316e-02,4.148288e-03,33,150,64,2
218,1.31014782181292081217321508192328015963647791701989527028039996077681204689350983848509843196656072704804651384481580357,5.471378e-02,9.893801e-04,34,150,68,0
220,1.30664769513753744491455487519425835683461151893144446441731619435753134359091238536163491666385544406615397602915808435,5.121366e-02,3.500127e-03,31,158,60,2
222,1.31185446151502830596828564030407610377874916361794212763743146721524550497686324885489261114977054256512305357437933179,5.642042e-02,5.206766e-03,34,154,68,0
224,1.30825153083865959237093738711906965735351926376147558712105714141642083344199796824479939140497240973360972062477027478,5.281749e-02,3.602931e-03,33,158,64,2
226,1.30977280154059051576681748006856556126104281653796950258306708125910436906127117186509873555301366290881703744034246261,5.433876e-02,1.521271e-03,34,158,68,0
228,1.30632758931858671052141977729704038433001097584265026449312063811360614928516643802123356630500942099336680240959961639,5.089355e-02,3.445212e-03,33,162,64,2
230,1.31063770783964578537926550445305954392740385282026442198196754457844883339918550581546955187493233950903655509463675133,5.520367e-02,4.310119e-03,34,162,68,0
232,1.30427238150530418188785714301174639379140528389049547240750594459736584987685349068228736242143981699992683453901021634,4.883834e-02,6.365326e-03,33,166,64,2
234,1.31115940540670721241490169872680616217129387702906888989054781653216485660620219200666719673404462075795398856523123595,5.572537e-02,6.887024e-03,36,162,72,0
236,1.30842562824540734744816793021298514295299423406119898039311786656483611171333759533335541040984782658867070935257214703,5.299159e-02,2.733777e-03,35,166,68,2
238,1.30775743752538594695703521063491423524993268275322604063781967691662643050377134611139192742281836390313035417278666980,5.232340e-02,6.681907e-04,34,170,68,0
240,1.31154789651168954690723451204802541325819071750001162914845404152632553147033155498188056959455446654588901643333159348,5.611386e-02,3.790459e-03,37,166,72,2
242,1.30886974830148348279095699096778455355505590792371190815035801693842735927811517498832722524809162476961823926498203890,5.343571e-02,2.678148e-03,36,170,72,0
244,1.30853365668630262872483208520540500946197427195917529705204790295579592041223761379186991030989846305665936923939669593,5.309962e-02,3.360916e-04,37,170,72,2
246,1.30761191011372448559964181014809785920816300624299340260105531893267645119540149567221004053406584430277075547420768586,5.217787e-02,9.217466e-04,36,174,72,0
248,1.31089674134905638673090656811821687459257086840577080951963556678357631366029418521222054329636852338604454247118610569,5.546270e-02,3.284831e-03,37,174,72,2
250,1.30549879082128470295262627491057590830675775390432906274598756518503188288281630298947841980374503492879424207041725312,5.006475e-02,5.397951e-03,36,178,72,0
252,1.31080303512090075987925716018673501949028041174894358373602442851215678417822158085804378975011128920906380790728958832,5.536900e-02,5.304244e-03,39,174,76,2
254,1.30772001469002263138607769090592301855554344997390664423886945416770352150731806990005909494064818923972576508999938834,5.228598e-02,3.083020e-03,38,178,76,0
256,1.30854601357956160161709100386296352255903199353250322424395924979249646062122312236775834440124311600091875816364597759,5.311198e-02,8.259989e-04,37,182,72,2
258,1.31103856329755169046728890186933640622790293627661608659169065895278063242435484851732823026293776337197717996896463904,5.560453e-02,2.492550e-03,40,178,80,0
260,1.30913607768041225071669132509151278159300552541973531150428666021448562668517059969205135599143041171699473799727434668,5.370204e-02,1.902486e-03,39,182,76,2
262,1.30863706190711213047803207128563047449297157293416054198977222947746140182042642565537539263036963032231450492624758374,5.320302e-02,4.990158e-04,38,186,76,0
264,1.30856396697022286070893177883419457649672161682767979359363689350372880787334694208964300335038523004276528332200283667,5.312993e-02,7.309494e-05,39,186,76,2
266,1.31095954524338932194929113042864606775853116287824881581506443539673942003928321039727579778760416513511057622158229329,5.552551e-02,2.395578e-03,40,186,80,0
268,1.30633408634642087507763002016885503736087886734238175661595345660589371298542059773254999069908351188339071635886221733,5.090005e-02,4.625459e-03,39,190,76,2
270,1.30996645059949372200623820309291847316524692282468343029208994305024358239035711820730575885501602367075886777822814223,5.453241e-02,3.632364e-03,40,190,80,0
272,1.30588483714178351035624787070577584628347560632392196888546276303905575321615997642325045222682632247154360477263777578,5.045080e-02,4.081613e-03,39,194,76,2
274,1.30908253504152548540671554409522637640926710722019114734603158730309471895330713487093757061875088473267685291795237302,5.364850e-02,3.197698e-03,40,194,80,0
276,1.31027199451945229111865691990323617241172834964191571373988645421064794708371236011147676544072000992597327813532092393,5.483796e-02,1.189459e-03,43,190,84,2
278,1.30879845348190795858176963463222735921170657226768137833552696412072115468143834539863847142600924696045144439493206253,5.336442e-02,1.473541e-03,42,194,84,0
280,1.30881232262035201617938573950661463615845709691364078021728025739114996804706094187898638413977268352218617770014724576,5.337828e-02,1.386914e-05,41,198,80,2
282,1.30925607980070078321620502161205671761129565838755847702794984475229089361504247488669368986153922372515162996089256369,5.382204e-02,4.437572e-04,42,198,84,0
284,1.31085015687510773672966498443637286026774103712625004496328148066978410602201730489648177273441947518366363695703659131,5.541612e-02,1.594077e-03,43,198,84,2
286,1.30676551473047672089905863546114551089485146063561246745736473566333228317595299303142262674460555509963149027185106367,5.133148e-02,4.084642e-03,42,202,84,0
288,1.31034725273245982068448575770676671553744642757302452717377437703108322757010514860301665691786287545799159635691446363,5.491322e-02,3.581738e-03,43,202,84,2
290,1.30693662130074202039979168062257232969752944639017664747795707125154181740966413938010224105603721618856809158876789614,5.150258e-02,3.410631e-03,42,206,84,0
292,1.30941213214105406291495768373536182428569211946720882813656649236238444033512273123586383053794255126390504121880713796,5.397809e-02,2.475511e-03,43,206,84,2
294,1.30900260303897046227915311770775946312567881897132739630174069050413707249395120845192799049866700280667529664661525733,5.356857e-02,4.095291e-04,46,202,92,0
296,1.30891579516103829662335858515460907580554282382002327606746488769391394054178854138500566376093925082035156327054428195,5.348176e-02,8.680788e-05,43,210,84,2
298,1.30877321341185037634241198431805014730119282542198130791507687471977817132553999556151879137138458785005511569268535048,5.333918e-02,1.425817e-04,44,210,88,0
300,1.30973787619984158799828383991268215965878092150882626201627096326365471546757568690042208582106502017451789716359162523,5.430384e-02,9.646628e-04,45,210,88,2
302,1.31056761540816559416208191608606177411581334531772507014839631251503866587090453715036118132809371892464439188926784467,5.513358e-02,8.297392e-04,46,210,92,0
304,1.30655293641555770555838340176043874142331362670097595181001526279537476871780256321840776773798842496463295249816311618,5.111890e-02,4.014679e-03,43,218,84,2
306,1.31056640612746225855681083681111786339265009004782154782843741785083176502046087745237936589943115259864686145578557986,5.513237e-02,4.013470e-03,46,214,92,0
308,1.30774009189526526356655565341248381810930448644581762854170587336813495856125509652201804207444320860057611545957196606,5.230605e-02,2.826314e-03,45,218,88,2
310,1.30955920924011552129556684748094650577110667581567932696310353813960911341086932496157624086438678745355578374404328940,5.412517e-02,1.819117e-03,46,218,92,0
312,1.30685232118170792596399134337795095319319667676144536620730375703682427014669879474464128011060748599882889071270282812,5.141828e-02,2.706888e-03,47,218,92,2
314,1.30944256986835759847962397038697502394971852231501978928384504989107991619695914627383360442991014856359771405077594645,5.400853e-02,2.590249e-03,46,222,92,0
316,1.30848591447621698365486694754155868163747812826291956474093215812213290530266878998420513109238300690103963643292221490,5.305188e-02,9.566554e-04,47,222,92,2
318,1.31004097882147702924224711128772155139924265226186675328874720629545548779025082468850341646457520244848198997159595039,5.460694e-02,1.555064e-03,48,222,96,0
320,1.31005621644742092027429283323863217213455813532018708486442677966560790027005098142265615671585977048108017165380044310,5.462218e-02,1.523763e-05,49,222,96,2
322,1.30739256344110611952199742289948677360527264748388405542778729771570880805607537108403211447751120667382576356056783439,5.195853e-02,2.663653e-03,46,230,92,0
324,1.31064699018397525794545081878867275496668436935413026285202197921325879796584100090465613378626099306272278436983040606,5.521295e-02,3.254427e-03,49,226,96,2
326,1.30833714479721038441060305570364468245622228166748136494242863293755826957735582028451694649609982107400326991606933333,5.290311e-02,2.309845e-03,48,230,96,0
328,1.30952019091743008611929356705095540185622563014869141862709794822394010889636126720207932428383845811176267066395282063,5.408615e-02,1.183046e-03,49,230,96,2
330,1.30712666322626160330658793704961131109551997041362875445513332810081279738093111203042604483134037360255056797112319505,5.169263e-02,2.393528e-03,48,234,96,0
332,1.30981478250154202778896342104990281425684053056873402623367248517216941537430107196976398323638623662928082676282879900,5.438074e-02,2.688119e-03,49,234,96,2
334,1.30774143279609487414832060109087728404554197737026089821119094452794335152855411355079939467783476355394561072675104612,5.230740e-02,2.073350e-03,50,234,100,0
336,1.31017810529649668497679004625756482435455751138435883373981591780396987898284829698737102614322435045189990956455847244,5.474407e-02,2.436673e-03,51,234,100,2
338,1.30892463405545262632411256706488253686220734784362851680602226567452456605742783417238104930143620893359370325391740608,5.349060e-02,1.253471e-03,50,238,100,0
340,1.30804898072395160659525772364466511189534053186941009753325429585996095154756203632445933750122643699423456238843781263,5.261494e-02,8.756533e-04,49,242,96,2
342,1.31060132082046933916424352007420811681704193144191352027465596486039927159077431043123422258108882619660393182797007598,5.516728e-02,2.552340e-03,52,238,104,0
344,1.30875328135283682580406430986954340077656895079326851296902892670981674360486152718404168914561824770543995628580654816,5.331924e-02,1.848039e-03,51,242,100,2
346,1.30919009899304258800955757264134151678202854555906642631415491433279461204102323447787853482921569415539191243529753386,5.375606e-02,4.368176e-04,52,242,104,0
348,1.30788991799922230813608502087696845503259023942590916011669397629262824544739890697032261359823393849886163005643621916,5.245588e-02,1.300181e-03,51,246,100,2
350,1.31005604040077743761933981130164833573160271928509562753780253527108008627999064846950096485445985850021161240770823264,5.462200e-02,2.166122e-03,52,246,104,0
352,1.30666734736079193674639932855986592587264941326218093516391350194633030253728779949816063847734616415463545586276623591,5.123331e-02,3.388693e-03,51,250,100,2
354,1.31012437854154131271432761734647389299350632626992659108673900900313472644235564585349393437916129070564210335526714677,5.469034e-02,3.457031e-03,54,246,108,0
356,1.30873997996980385663048287482578461759441975912654744849681870401134225077897569077700631826703663756782161219007309343,5.330594e-02,1.384399e-03,53,250,104,2
358,1.30855246630275974859787702491587374255845708133998525237151763971672701409730708785176025413718209889569314281671188866,5.311843e-02,1.875137e-04,52,254,104,0
360,1.31042974525335677017321503852767136902910525355331912545668630594699246530352907209268465411815051867649293223252873374,5.499571e-02,1.877279e-03,55,250,108,2
362,1.30899233468476968542952596854546322572586485020547580837243734502789066557090617610962055380906455200367599402397614839,5.355830e-02,1.437411e-03,54,254,108,0
364,1.30877898596099227173154555040354654206450444978385908892318090895564615492826034839084014205606219144064992403814644160,5.334495e-02,2.133487e-04,53,258,104,2
366,1.30849578315239825284131107470517569028916606548294069901297022392797828332494844307189736938795979405947219243141678386,5.306175e-02,2.832028e-04,54,258,108,0
368,1.31018205022525442975749304235896545342962098563214503131433180678836020077122228727181982488447160378051993703623284316,5.474801e-02,1.686267e-03,55,258,108,2
370,1.30718376769493068176416519326376071416194262567554445870645579767161256636090603980501627563802709161226029563166051758,5.174973e-02,2.998283e-03,54,262,108,0
372,1.30946468233356982752317294406939840024853821087544097550316707366509850909438078375302836690779569631918975607217312652,5.403064e-02,2.280915e-03,55,262,108,2
374,1.30811260665013809496355263706160710420372086272426747579191936413386914709573445132516003847003372432262410788419434197,5.267857e-02,1.352076e-03,56,262,112,0
376,1.30892519846888034015366388029635819339640110901535867755693501221255654359966538950413395820632017113313024256332050104,5.349116e-02,8.125918e-04,55,266,108,2
378,1.31011373169953165649705167436268326205677306665893481985424807294702855704916769835984627535206610177067695385880784936,5.467969e-02,1.188533e-03,58,262,116,0
380,1.30898938843470992029258851039800084756864854990172313836794341059367979416035741846970050374452874535037459598741553019,5.355535e-02,1.124343e-03,57,266,112,2
382,1.30894512186127968153877630498940236913167974131862034327444757224521238621865976662380218965780821368045092275215710731,5.351108e-02,4.426657e-05,56,270,112,0
384,1.30896813495479722862589099225105026984591088869230980490786185232850067263660789787591312148922441321656953998426360311,5.353410e-02,2.301309e-05,57,270,112,2
386,1.31020080291153354156435295929878223923300632989979016333866346158212175130512836797035804920868192265935445319107904089,5.476677e-02,1.232668e-03,58,270,116,0
388,1.30750462720556591902883970070771414409247898262101879477027392610382842025797719019296476567664307030006986555249294168,5.207059e-02,2.696176e-03,57,274,112,2
390,1.30976569362999761297321162887040620893953796642943126999990515975465281969871916421134085443664027650801767759446704123,5.433166e-02,2.261066e-03,58,274,116,0
392,1.30744833351753033933331661671109213706013168918734414021009936113921446736257263809733200139587682611866157652097608210,5.201430e-02,2.317360e-03,57,278,112,2
394,1.30918234366640791833910645605309500588830475681856881640533157265237969096665432430212539716129888653592438430084423694,5.374831e-02,1.734010e-03,58,278,116,0
396,1.30958815288566926181047338178788180551929827120008611133391245306557580350290776342441946741128322877710913911652514619,5.415412e-02,4.058092e-04,61,274,120,2
398,1.30877810525251183428445402498499345323796389718723402274918329618659712489490467535303963238858404257778520163790844922,5.334407e-02,8.100476e-04,58,282,116,0
400,1.30899127992342504892068897861041452120705195577458754699289237227146826316090194933353518586762182057644696023316761288,5.355724e-02,2.131747e-04,59,282,116,2
402,1.30932439600187005201510808514689842639499830042014189176968536291552400901030016018064041476814564321309069363940716271,5.389036e-02,3.331161e-04,60,282,120,0
404,1.31011015578299949467378767987832547433242247361248073942388728026540139053272938746478352382977269362937004905102744365,5.467612e-02,7.857598e-04,61,282,120,2
406,1.30738087403650932209977070312499096368660162571098448016766969243385566260334334792600945935829387872900613926446388471,5.194684e-02,2.729282e-03,60,286,120,0
408,1.30997019154035117105240374705443328358429560964998514911886086032547403536963544027812097717973803320062292128095105074,5.453615e-02,2.589318e-03,61,286,120,2
410,1.30798012143064167926010764091211602803954223820969532953954924139865366396258152002006699734400725572305175936199107604,5.254608e-02,1.990070e-03,60,290,120,0
412,1.30933167300122165581625672811764840992843117511867054617772034573429556049256808156549151814829955006012322881480200700,5.389764e-02,1.351552e-03,61,290,120,2
414,1.30853577250823889030842612230472749954330549940430159537118088565335515849760063855327785442543649141453363411339153733,5.310173e-02,7.959005e-04,64,286,128,0
416,1.30915891337417674679276530245641308929328083036569183810357195327597516318048292266267586585574298587323249517391649102,5.372488e-02,6.231409e-04,61,294,120,2
418,1.30890628732363935694469170708632944954820450655597791139397392803945402840710921431295233651637073858909739787118001699,5.347225e-02,2.526261e-04,62,294,124,0
420,1.30957587977468880364757459532878159519766570161374570461451432483005418353034597973442891659881713877052777948105676104,5.414184e-02,6.695925e-04,63,294,124,2
422,1.30988631679741785777005830341417047998573874803045512993370747723871351559295984028847242396092009114800071489372574802,5.445228e-02,3.104370e-04,64,294,128,0
424,1.30774895288076795685362719330910317950825151992196474960825968636101428853238521419536787953805507715883646433347069662,5.231492e-02,2.137364e-03,61,302,120,2
426,1.31008744470799320267018683285484821129458976973090684192317851047671956819380691025576027025196845674318464800918626993,5.465341e-02,2.338492e-03,64,298,128,0
428,1.30839767835734424676105011832254298465119537733239596899084453221748640296401027535889093136773281738049097214670265963,5.296364e-02,1.689766e-03,63,302,124,2
430,1.30936953360546474269291927476132773322625742143132058763252227490091918335253802599872747908619492105915009684010495970,5.393550e-02,9.718552e-04,64,302,128,0
432,1.30752254767602060066393141943873387788962499186274121132329148033930007333145667468195451039188052436842017183686402608,5.208851e-02,1.846986e-03,63,306,124,2
434,1.30944830161062369846839982399335809239734207215320131151399560339280789506358475274295536891467754405579301415099330062,5.401426e-02,1.925754e-03,64,306,128,0
436,1.30864160586545449040090635880262275395250711125600943149632054528974852878038311376113279080375559548520163470582733316,5.320757e-02,8.066957e-04,65,306,128,2
438,1.30972630312535382358322106997092242620800533165405370453679598240005031680667739336742276321764536460967274855465529129,5.429227e-02,1.084697e-03,66,306,132,0
440,1.30937578608660407981140328078273231115723237041426353079672123109003283516330100271751089357838551870800905779915768458,5.394175e-02,3.505170e-04,67,306,132,2
442,1.30820348389775963112496233331806303629840399840332599244916103424260310876215193333455885462390967798840029632961808569,5.276945e-02,1.172302e-03,64,314,128,0
444,1.31012240331263719124657795183521269919092597273336403349241870061181554170705270783211914299505000899216913186648879092,5.468837e-02,1.918919e-03,67,310,132,2
446,1.30870994823700220958048493135422922980775417998162182923075811458225723040546932611208933093415315356411421914418049321,5.327591e-02,1.412455e-03,66,314,132,0
448,1.30925808489479474300303614227008553638010644310097562901312964894338608781524636698687748362401825613392104508470449689,5.382405e-02,5.481367e-04,67,314,132,2
450,1.30804933289342584009530620488545483022060861314122317947950830186034275179681399538961941362700956639181423962197588976,5.261530e-02,1.208752e-03,66,318,132,0
452,1.30965609970311081558779523706912226580259552981896133136945924897622638466165712335292859293325980499013740590202230621,5.422206e-02,1.606767e-03,67,318,132,2
454,1.30789332920099908227331904183661623582235690574566660553024078477916471453330120303834990487853370396096235581714236286,5.245929e-02,1.762771e-03,68,318,136,0
456,1.30976396844251637444663764825932766250390008905954733195368004857342298023384777105410889418902578947593392106851692170,5.432993e-02,1.870639e-03,69,318,136,2
458,1.30902659042010380264923198562811428184970465302644819308885186702817816830220261861176346417879950921495288334624002822,5.359255e-02,7.373780e-04,68,322,136,0
460,1.30856823202324833810432539229754184155435562464351964863887657841589188324547061202647592164036157547364604750097192400,5.313419e-02,4.583584e-04,67,326,132,2
462,1.31007479735593539039884618432218013446209231034985884419804351725984872319652008814834547358887395872747722770502786013,5.464076e-02,1.506565e-03,70,322,140,0
464,1.30891674013489221556417293752108259346556785115607503192421957173407663030823245772967876152402403200703790447979472045,5.348270e-02,1.158057e-03,69,326,136,2
466,1.30882733659934747450533678967819166308396302918450320451797502324284166881237324320519636628446841716674829555870782972,5.339330e-02,8.940354e-05,68,330,136,0
468,1.30848440660764917166039341339123117216836198114512872260344099678908433513304799521124553594635492595192275679665530431,5.305037e-02,3.429300e-04,69,330,136,2
470,1.30978893306725647745103518583472753408572000433098163335526384636048694557067197367475232810753578941818965939077448252,5.435490e-02,1.304526e-03,70,330,140,0
472,1.30761105650389489585072073573351415983770680263756625887931726637284045015573943058060947478950041356897255825761852095,5.217702e-02,2.177877e-03,69,334,136,2
474,1.30959819656539879540893798921685344950285848547610444761893305308587453285648179091738022143527813624161323235224341177,5.416416e-02,1.987140e-03,72,330,144,0
476,1.30883103739360140272932870496169553715383647568127952087445607704172947492466282400424674126448685856816208050435336717,5.339700e-02,7.671592e-04,71,334,140,2
478,1.30885258798370180548183381568532701497050054532807366952065763516079436425205231268091352311515094145586681532684149768,5.341855e-02,2.155059e-05,70,338,140,0
480,1.30993623489040027303923438340610100967003558769613523445459459306470177606268520334672124352396978220827298554375308608,5.450220e-02,1.083647e-03,73,334,144,2
482,1.30899254426195532003166180970124682419086965211219784697695699795343367319299857274484897367355656463209162674446373975,5.355851e-02,9.436906e-04,72,338,144,0
484,1.30897953218522895755849540515715761675750414640307315494835628774205271606154870777368661597988968151317802666539758056,5.354549e-02,1.301208e-05,71,342,140,2
486,1.30883810997196348071867002672247473050224252585789481338411457636335112211199265768716771294068480343455842008980963347,5.340407e-02,1.414222e-04,72,342,144,0
488,1.30984990025264667636158839449815849254632392378265366142822367799834744679330226620312858292333192641940272967787542430,5.441586e-02,1.011790e-03,73,342,144,2
490,1.30786716786164611738350189627278247108094393299326011008448290648916295791021007423485227061982065021362758952089509211,5.243313e-02,1.982732e-03,72,346,144,0
492,1.30946736377017062191035957026960493180278866365933382414753973727230353026272694732890924471885191354183918227355233034,5.403333e-02,1.600196e-03,73,346,144,2
494,1.30806604130523323867354688703427600055008981938817908189447973348120343947664146015243625898091825866500107722200437644,5.263200e-02,1.401322e-03,74,346,148,0
496,1.30906300057110189832172614441378882984661386849002150191160161261298678447863464465352823162400384884883555061448521706,5.362896e-02,9.969593e-04,73,350,144,2
498,1.30968117708000588727600576610841686135984287168324504895264257172167074785434525562733019823189642064893114037547113124,5.424714e-02,6.181765e-04,76,346,152,0
500,1.30871774019931058880176013534552901268167800371058453881528655375623857191610969799017852636437100496436252626452175451,5.328370e-02,9.634369e-04,73,354,144,2
502,1.30905541012023612526662623913590802798118009710704360173631146011514500813639234082078623653369658561702318892068391082,5.362137e-02,3.376699e-04,74,354,148,0
504,1.30911816084996201053094691098288143079093035206979676900787562178021399431736960326474867983139353420367028483677663490,5.368412e-02,6.275073e-05,75,354,148,2
506,1.30983711753030757851194169952971884849202594609421856866932238356081245564760606371356002088980264326002144575006809719,5.440308e-02,7.189567e-04,76,354,152,0
508,1.30794994466821301659399134232985417090875165005379936720045134433168146053259713745445493994491937826970517603795793247,5.251591e-02,1.887173e-03,75,358,148,2
510,1.30964857616413026602022113533876117553731546660278930807199205095074046965757298606303997298949455895854521479169302764,5.421454e-02,1.698631e-03,76,358,152,0
512,1.30812242616156789259830476540599717919922474848805204711062643021826087720796872331582913384554053155784485802612160783,5.268839e-02,1.526150e-03,75,362,148,2
514,1.30920244635273105623803809970570269158059689049094079234133833597198414146409588966114900365254732420702608368997160071,5.376841e-02,1.080020e-03,76,362,152,0
516,1.30922870372206890565086426037919182113711466873959942954901524482391364458819186016397705721371743440723796301187493141,5.379467e-02,2.625737e-05,79,358,156,2
518,1.30901352561601483979247463886926281598365800233291111819232809381788999299581517494437235186366772970677764344314254195,5.357949e-02,2.151781e-04,76,366,152,0
520,1.30905033554066548130419291174992663179860414022011286545469777029150325071588759064909884176034485542293037365044772209,5.361630e-02,3.680992e-05,77,366,152,2
522,1.30932949992871031783657216654036618583929870501995385530643379193726991182962318376485384575754357842860193854160574812,5.389546e-02,2.791644e-04,78,366,156,0
524,1.30973853300972917660781609860641932270302092794622666330938146844081298392638732945555453929226756486382093208434594582,5.430450e-02,4.090331e-04,79,366,156,2
526,1.30795553725295994389978240766100750964634035868441243362212441228260452011428709198550600063972592509921165873783786496,5.252150e-02,1.782996e-03,76,374,152,0
528,1.30977028123193894554336106823164932947032557945695532166158588353061579482174049195126589761086717188488251435200614038,5.433624e-02,1.814744e-03,79,370,156,2
530,1.30844081621853699467076131654106328187557172618407905974236383490964720499562415611815807844786706769469198061564524321,5.300678e-02,1.329465e-03,78,374,156,0
532,1.30926828983319857628248839011066518426924580038488406947189292618302635992815880448799880339120708243089869745945271228,5.383425e-02,8.274736e-04,79,374,156,2
534,1.30775761035262167114806832252948118984480848564110112533356281490380011323418909638612927838739899987307353471778124616,5.232357e-02,1.510679e-03,78,378,156,0
536,1.30924878922959257478968639879909072652507981093589174071730148950451828266523965866831543625958168438861177075427953860,5.381475e-02,1.491179e-03,79,378,156,2
538,1.30894716134847983192436891108558193754191182876835233844161859586316369067049850484672928958917367576418638680430420440,5.351312e-02,3.016279e-04,80,378,160,0
540,1.30947331099205385707421290268281699640652810576238909510674213622471173388434331386830292677593983834080641500303580561,5.403927e-02,5.261496e-04,81,378,160,2
542,1.30950285721068093441195719944551729969665217565840186494065547321123764802766452350311172773699568846438709745486600066,5.406882e-02,2.954622e-05,82,378,164,0
544,1.30829898195323918880820647832489886257354600078844435525096601327687386181538422061849201019405448656787144926813806195,5.286494e-02,1.203875e-03,79,386,156,2
546,1.30983476458403266740912221594160675162626580567210008664821578890164429710951990705358182944429010017488577526583023086,5.440073e-02,1.535783e-03,82,382,164,0
548,1.30869038633706799671478538788542319624396863773658075120246801443431350121813866069736309145090286750240277422825482252,5.325635e-02,1.144378e-03,81,386,160,2
550,1.30924322341439487964379814132088900880011275165166420300259155926326521153009464601935496047562446049003200675232094914,5.380919e-02,5.528371e-04,82,386,164,0
552,1.30815337613210461417756973175420248704212041169040054703039660134059842467615242773331611077672603833170518251286515784,5.271934e-02,1.089847e-03,81,390,160,2
554,1.30942835697464028547157708347436740092158731766098062738817112177453594235662040496529794555902378830538965302018361567,5.399432e-02,1.274981e-03,82,390,164,0
556,1.30868738570502418597914938876574891752118952792432528026222827380364789112268126092589389537873049352911969329368605069,5.325335e-02,7.409713e-04,83,390,164,2
558,1.30954333283209280831142707229871861439498725609925151024788665224724593459322293393671292531004624488510473832250078831,5.410930e-02,8.559471e-04,84,390,168,0
560,1.30911644417616829530228178851124005262212427350696839708295670707324552149079427539573502063344732922852353694687383663,5.368241e-02,4.268887e-04,83,394,164,2
562,1.30858316802423983540775164146879576874568106451535089857604305037818726973279793719840723801057063434293929196015468445,5.314913e-02,5.332762e-04,82,398,164,0
564,1.30984164554500361706879943969491943305095925888232078843189841997591858280568895927767716392219254632866125860329218572,5.440761e-02,1.258478e-03,85,394,168,2
566,1.30887035771963457562774756231489692089924967669420847819252715830166873052369868869016416444621552318996648137357602657,5.343632e-02,9.712878e-04,84,398,168,0
568,1.30898099396479524762412024618667061681335425790855748119457863091142070648753803660840111848036405785813499878974956088,5.354696e-02,1.106362e-04,85,398,168,2
570,1.30848900414814359147956927365989771647772528955223220653382344385703832315379960334696420019951978448703105972028135612,5.305497e-02,4.919898e-04,84,402,168,0
572,1.30955544832533037726317334457293047098553615703636572045274099131299371549730109732747253175821955728787075083688660720,5.412141e-02,1.066444e-03,85,402,168,2
574,1.30786215418151763461797763768137689549977860545494187295042622674987960166199346351299266236424695135000910876599847491,5.242812e-02,1.693294e-03,84,406,168,0
576,1.30950604366521733783678391916387038110999076068022447309940080055515773705283884212908515692028721200257795871242814813,5.407201e-02,1.643889e-03,87,402,172,2
578,1.30905714925027756340200575128110180048533777490852813423369587835768987703477386529997323369123548340818581886816014907,5.362311e-02,4.488944e-04,86,406,172,0
580,1.30881276860479216048414455373162346350038688699195656280423012019267502312206150261641770241951534170274481404547410059,5.337873e-02,2.443806e-04,85,410,168,2
582,1.30978647403917905133226664536452175954314491913052002063387976963075662024773296621121796334783218314195569891281839866,5.435244e-02,9.737054e-04,88,406,176,0
584,1.30896855127610566549361841931578956627737744151016275437039885861029306023061646219275851456220388250628595131534856550,5.353451e-02,8.179228e-04,87,410,172,2
586,1.30898263688290970919370981176896378394562485283872339757882058846147519554443650251114195267078871253992954013036095009,5.354860e-02,1.408561e-05,86,414,172,0
588,1.30876974934409091174282086218995988684243171200813516608402100720941055891873453431850705838381363568646204200800934644,5.333571e-02,2.128875e-04,87,414,172,2
590,1.30963138703767762112329238429459244438227418237273693773203066369583986595702768672894313997393580140043604823896081308,5.419735e-02,8.616377e-04,88,414,176,0
592,1.30807533660086685115289847794064212813088183552416059394020497464859025912894307991255803117540303916289391821500085954,5.264130e-02,1.556050e-03,87,418,172,2
594,1.30929017981318348447444344944331880313475518008128229911808493432935371303986621147997878737525988138832420863652040710,5.385614e-02,1.214843e-03,88,418,176,0
596,1.30884732490868187624960947533405077410789555933620026700603538455007903725151786208486732844497876540769639074047052602,5.341329e-02,4.428549e-04,89,418,176,2
598,1.30899094758540517274372235370774984309292770324743427586892104110483046067453004449389171917525904208732399557737213895,5.355691e-02,1.436227e-04,88,422,176,0
600,1.30965699079351704235660484979903606228739401404340769415893382797565447761973908883117077648531052487996560579091962032,5.422295e-02,6.660432e-04,91,418,180,2
602,1.30889899474265361481384086706987501546667675972484729495780860027970764130208143586524250677853734390896270842793597676,5.346496e-02,7.579961e-04,90,422,180,0
604,1.30906841786634297797751227132817713130804146760699838747598739997094557837796001340667239980653962742860326114466379755,5.363438e-02,1.694231e-04,89,426,176,2
606,1.30899955491474669176395945097106511507676709471457985342741981761644453378973633332628495657297546988002825464137378709,5.356552e-02,6.886295e-05,90,426,180,0
608,1.30965473948845703189545040063802301220774898091685961072136760730773280906367994476806589102394054284698576574817932081,5.422070e-02,6.551846e-04,91,426,180,2
610,1.30819063514135079359903361622101188205257624721419272654991757874957293844129454121664039270772420492372997796602094575,5.275660e-02,1.464104e-03,90,430,180,0
612,1.30945052593542264949229029869690553067006778617015594941775099532197356100531973490124504263016454192996108353625273507,5.401649e-02,1.259891e-03,91,430,180,2
614,1.30821664036141305783420178408600341016910405320897168361583053860365818562552246142742057228100583656649764514045713209,5.278260e-02,1.233886e-03,90,434,180,0
616,1.30911897172839787393150723109911018610850895001453204036776420655785744791596907296310344532849066296451654789973186265,5.368493e-02,9.023314e-04,91,434,180,2
618,1.30942069852265108399593229835496774208474272280293987952078385926727139026859014502843612626286615138474149129811610516,5.398666e-02,3.017268e-04,94,430,188,0
620,1.30892846908928215380204324252160215429675727327815819147319443763540558693018003276558112096907849760421455596028348176,5.349443e-02,4.922294e-04,91,438,180,2
622,1.30909929108938753963576736102589126311952725976348647844246217762581978927420891863853540966693946165086483181396857890,5.366525e-02,1.708220e-04,92,438,184,0
624,1.30918087250854027984316737485439276191411801656767281115963603726593455325199193724112357134390292522656681921658862746,5.374683e-02,8.158142e-05,93,438,184,2
626,1.30961871363885500917558775339717928922309305401264448775086837643564563862225955485605270691370088560434976980698041499,5.418468e-02,4.378411e-04,94,438,188,0
628,1.30808960090043521639688376175956213003837135297050333885123665332437485776907025085425659713952316342178729748930444698,5.265556e-02,1.529113e-03,91,446,180,2
630,1.30956782228896444155113199517950623965193123662841473713986268586241013669345391180871404393040955454388400990460054629,5.413378e-02,1.478221e-03,94,442,188,0
632,1.30847285105504195160700592299705110651046550064729187498800950745271898774068654018067644170324617994520095112346483027,5.303881e-02,1.094971e-03,93,446,184,2
634,1.30919501846295828982697203032195689049174430609896667321118012947922629344985260511438921875751664219082487466781295863,5.376098e-02,7.221674e-04,94,446,188,0
636,1.30894945343208593003626041048415959442702733239393678489396981933315163679778922261172164195115151353254705883152287500,5.351542e-02,2.455650e-04,97,442,192,2
638,1.30912621395607387764280646410011038877597815593281950647889064095694547248518967276677938530115748580704354649753061097,5.369218e-02,1.767605e-04,94,450,188,0
640,1.30906773284336164098897830318722679546684667071524746195401865268941473584981969553841794471969214343032001917837046435,5.363370e-02,5.848111e-05,95,450,188,2
642,1.30931405401191373566763966842184076540100514600760317063352556685625378491241387848217247229234143621048197587304330893,5.388002e-02,2.463212e-04,96,450,192,0
644,1.30950007714602252629846335220912494099573161379822320518996668683819889169477033221111529561818835961314132114283299736,5.406604e-02,1.860231e-04,97,450,192,2
646,1.30836380036928097481990496770500536413923047688790681832913970232020137478470418442492931511707206281670250361229381468,5.292976e-02,1.136277e-03,94,458,188,0
648,1.30964323635587873976382368596234905505950219762899226928777316880601076779194215074629136845279373869148207859855158913,5.420920e-02,1.279436e-03,97,454,192,2
650,1.30868059425865745689800669581095133788689150955807177770224066656239928515574286976632708327181945363894673019188185111,5.324656e-02,9.626421e-04,96,458,192,0
652,1.30920998895388658121264927312852766237735804215559485659458908668829633480511172733271927522737784748435107972331053596,5.377595e-02,5.293947e-04,97,458,192,2
654,1.30822701407442175216948839913958179818787751475087189055228406001332742518292685764997916187317854467874357275413561153,5.279298e-02,9.829749e-04,96,462,192,0
656,1.30928351256890869484162302973730302152048777273109840712880154514066112879253464756684781002525107350177911474589392091,5.384947e-02,1.056498e-03,97,462,192,2
658,1.30895318423547179479422930829379832960642625664844377385608217941651695666217811443798414398115531815344587409183418313,5.351915e-02,3.303283e-04,98,462,196,0
660,1.30939544046159772085698256137098271389155211346952527604550390429401382609422206297650882652463741236154703784626477421,5.396140e-02,4.422562e-04,99,462,196,2
662,1.30913833733467388850791712285779768170567756116089050094567331957389579320026592542855068874434918136444425822848894325,5.370430e-02,2.571031e-04,98,466,196,0
664,1.30859585860212833160146088182609210425873307263819563319370412871680318971552448608750207124706459376668706709650693797,5.316182e-02,5.424787e-04,97,470,192,2
666,1.30967642169562069608272930600048655140084143893024164110326058320566232942350282436069099704117712831366575037104912084,5.424238e-02,1.080563e-03,100,466,200,0
668,1.30883914028382868243572408284429033600950150849739185956280712463278560669722680970124002045207196238746210325423557913,5.340510e-02,8.372814e-04,99,470,196,2
670,1.30912102304695961944263310088918116518999651204337145627991807504836322122539565681763516131200092100895994600731852270,5.368699e-02,2.818828e-04,100,470,200,0
672,1.30849842189612859844509663379417521076373683312491227957213861089399941141259030245904432377530520226139978620158412811,5.306438e-02,6.226012e-04,99,474,196,2
674,1.30940208918913736675699607194508981702806002187642307960513549970614406144983110566310028067596310733412579477476429074,5.396805e-02,9.036673e-04,100,474,200,0
676,1.30867958891107329908981029030320042474164864645217022655901261677454839288464622825763228908179018684598276850946810354,5.324555e-02,7.225003e-04,101,474,200,2
678,1.30940933918936015965001766137943973493689081561526779392362835415649766040245342643509650471042103091243239056780973071,5.397530e-02,7.297503e-04,102,474,204,0
680,1.30913718509116820833586970083991599457311592690965122922645073409958397879671025140072914238907850570917065399697015422,5.370315e-02,2.721541e-04,101,478,200,2
682,1.30878836236365746935346882045455207491191358838635625533084167636069355910006125069748300015500345564282152358014248625,5.335432e-02,3.488227e-04,100,482,200,0
684,1.30966476726785851526896233379104073865432983223487516873156586918054738008280669947917148439167255975628767423845780528,5.423073e-02,8.764049e-04,103,478,204,2
686,1.30894192779408519056524485271041947746599635606640968296794093279239458508636253257215584704425120226896650724415170432,5.350789e-02,7.228395e-04,102,482,204,0
688,1.30897453914914973621360256517046285529925423732323502331686657355490977142721195514876033843478244258933319629692738976,5.354050e-02,3.261136e-05,101,486,200,2
690,1.30873025368261558629027130012783895215004975747575371261833040268028945566776288373516000754829770261057364335966252751,5.329622e-02,2.442855e-04,102,486,204,0
692,1.30948254010821908881640271401263351287973635243151729996084673655212190822783181610830347223179996001833896058690953362,5.404850e-02,7.522864e-04,103,486,204,2
694,1.30820751523982024465282568220284331073178095019579614716388103062596168715707094609755610101953511427870938624822011535,5.277348e-02,1.275025e-03,102,490,204,0
696,1.30917454477047523867549201375393168143596736256125002092731744788529421648678402173900331092229643016671149760677178418,5.374051e-02,9.670295e-04,103,490,204,2
698,1.30905886860694619468183705561598939981227748605956532245913710369606025201653274815925638587075505030130725818980368565,5.362483e-02,1.156762e-04,104,490,208,0
700,1.30894302197595758828497952449699517741221979936363482638661016058492946836313226321675153840715830414317097566135545941,5.350898e-02,1.158466e-04,103,494,204,2
702,1.30960159659030111091946742955053106175027840558856524883297675268455821306483739368984826462010888497007316344672397015,5.416756e-02,6.585746e-04,106,490,212,0
704,1.30895805912977435918216796287806000686380915430925953106412713099503235351687144938823943843940693730827870531006603395,5.352402e-02,6.435375e-04,105,494,208,2
706,1.30906223455722201253918917887334942198388373663364056239645998546721925846753239082270175431255021080746907402990904341,5.362820e-02,1.041754e-04,104,498,208,0
708,1.30892472936290910840023169259930010989648820964075219959850605863578545369404035456903778194788909270489059073613177161,5.349069e-02,1.375052e-04,105,498,208,2
710,1.30952380792186061066827665591542982429286518483282056618093455724320594467319739101706635796943582472606303491254291259,5.408977e-02,5.990786e-04,106,498,212,0
712,1.30832676400549158444529334151027984407625325779175375214896972060148885739476953485374090736715657952888513371609395982,5.289273e-02,1.197044e-03,105,502,208,2
714,1.30931756307536544516028527784541401131866683339726787649898455844867995201660484994675590466974863310556333533158777565,5.388353e-02,9.907991e-04,106,502,212,0
716,1.30882000435140180300554104718941711740838711579147050051893368054938494531891531928513942484281963640777447786301538428,5.338597e-02,4.975587e-04,107,502,212,2
718,1.30906040766364173780860494871123813929291449269363657807627164429667842699541560137046661275103615210467783037178671261,5.362637e-02,2.404033e-04,106,506,212,0
720,1.30947100869858255429602559193661241007390558959321677122760161890110544713296808899963566919018199499226187126201964971,5.403697e-02,4.106010e-04,109,502,216,2
722,1.30887414701702543120158371296026167459356455929120516104067066575032865932833624824247355596551416435379743369070884082,5.344011e-02,5.968617e-04,106,510,212,0
724,1.30911024647779183401461126952304445058575250971074638449311515885613016056802213421284711420911010351667397058223120859,5.367621e-02,2.360995e-04,107,510,212,2
726,1.30908317904288080060294825723601283082155025601929151945013504115465420625346664925995984365471840650904994395720800658,5.364914e-02,2.706743e-05,108,510,216,0
728,1.30952176731761541109426542808462350504964651992759586002765116058212772610343885039330301924818909740343099248400171402,5.408773e-02,4.385883e-04,109,510,216,2
730,1.30829029101409592422544950518458927620028765888249843497593963092034197647636517417954802405337397979003146186641281785,5.285625e-02,1.231476e-03,108,514,216,0
732,1.30942804324199671755439598009967556399800494176885624443949755921218327441787019963508948573404446066802695529245854644,5.399401e-02,1.137752e-03,109,514,216,2
734,1.30849753623253265863778233442392931446028964530449019181141009578731807157426354214876005695990123766527703075864774305,5.306350e-02,9.305070e-04,108,518,216,0
736,1.30913924970741215259681873335770417281388318545162185242196837062185664818534793931686443599107152681478766248838529468,5.370521e-02,6.417135e-04,109,518,216,2
738,1.30922575921609378657080639868868759839738719775414592180522362385773056964239556332616217496955898493588204309968973159,5.379172e-02,8.650951e-05,112,514,224,0
740,1.30904453449051435625318130203089379587590258766856933032175020474987085015006327490505106899025515103630879254871494522,5.361050e-02,1.812247e-04,109,522,216,2
742,1.30911478140578489543127758537821228529665392702397663873363805176787071464006358195505119509513990038732224204823146822,5.368074e-02,7.024692e-05,110,522,220,0
744,1.30920565974433627252404498335250264824019915116027429334027047279945132987554798347051365962341152543479495178058306706,5.377162e-02,9.087834e-05,111,522,220,2
746,1.30946421539253440666927533869146785749253158488098370453354341500221526375775261234872101813374885432759822249729927728,5.403018e-02,2.585556e-04,112,522,224,0
748,1.30841065069608715521976442587155461721483570115265743607703438036281154029313374515298688271119721957377958369939941905,5.297661e-02,1.053565e-03,109,530,216,2
750,1.30950662813778927799453740170452446531884242245872177884875620084228551869288484163220594523177965199171140550751803794,5.407259e-02,1.095977e-03,112,526,224,0
752,1.30867542923764019097636751362537877688441811183856218087624639699427782849049730558591682841202105956518987420141952781,5.324139e-02,8.311989e-04,111,530,220,2
754,1.30917429331818182153814032615542089335615165468235228478762103988012909255865899256178112189808031510564387078588044688,5.374026e-02,4.988641e-04,112,530,224,0
756,1.30870891588881340091747204517184639832714434301655484233401990860288307183068963845500490191752991006778671686166202661,5.327488e-02,4.653774e-04,113,530,224,2
758,1.30918421339558252897593772187758971517328400914438320681893161261980167111157996854787008193088483597034905110778248927,5.375018e-02,4.752975e-04,112,534,224,0
760,1.30906665373416561269903381229849053923315158967651032969657110505204596523967384282084350973693652425011225202711443944,5.363262e-02,1.175597e-04,113,534,224,2
762,1.30928989026404385699330285705285127589192245705399175188199850665079777549141759485506358139064903670770696495558535047,5.385585e-02,2.232365e-04,114,534,228,0
764,1.30928927142413533218173979368395117350115219039308179517508887081688971825768560098514248131135430817934255317252281943,5.385523e-02,6.188399e-07,115,534,228,2
766,1.30860642137795792928754604164838754404836210883024758378557110464175229451022527431973032505825039339638237815678572023,5.317238e-02,6.828500e-04,112,542,224,0
768,1.30955303343508443918373483460694929815658728476990826137379529105251012598014585922682040156398436768629631112526371379,5.411900e-02,9.466121e-04,115,538,228,2
770,1.30881678165322500617308069157898370647411595906101329872636493919240779715075444746326122675994222557116347910430337067,5.338274e-02,7.362518e-04,114,542,228,0
772,1.30914635032670320456010026084091688915518372246027534692970808706646519480134888477295602210386154264149149122156484842,5.371231e-02,3.295687e-04,115,542,228,2
774,1.30850898056492316425007783668102674584542457898078507320709379940026108596627637006287889625710740335574635369297893996,5.307494e-02,6.373698e-04,114,546,228,0
776,1.30929417527073988826339711093194757789905445856944434357678439546770166485308790769348707872666693578676642444546141487,5.386014e-02,7.851947e-04,115,546,228,2
778,1.30894140386859880518398536110961853876700895097869178260811756936701539512966123332628258236602384638135536419909322472,5.350737e-02,3.527714e-04,116,546,232,0
780,1.30932748862403047886783450054717401180096204856632847175326636710171170866072318858843705576813023975914587824002298239,5.389345e-02,3.860848e-04,117,546,232,2
782,1.30916080070468623628935075490674640973313041308728500240175103732132989606566762548412576225485401844619425892437474184,5.372676e-02,1.666879e-04,116,550,232,0
784,1.30877218084152739647454651402187165073437767808629364843489090440521379366080567436546929244663571342541404431663051901,5.333814e-02,3.886199e-04,115,554,228,2
786,1.30956561444369208215666275439809233935072446209193439797397365291882399014214316761093446667645200900665821897798558021,5.413158e-02,7.934336e-04,118,550,236,0
788,1.30891774781845957359605933242356603167521596570590550237340404204203550846468383140345686815886687530206002659152129308,5.348371e-02,6.478666e-04,117,554,232,2
790,1.30896248211257197606284499323757761762226565317939152735722448392408598080703272191811923524628386369467027597547108581,5.352844e-02,4.473429e-05,116,558,232,0
792,1.30870594985657620842556695976432436620663430628419184376122226202663917202166681120792694508024500067351868480888550319,5.327191e-02,2.565323e-04,117,558,232,2
794,1.30937469218955105143703108942822148255755468937677485507612902751327685643833246167635977374444067799000257577239347580,5.394065e-02,6.687423e-04,118,558,236,0
796,1.30861812609700009912393252529023217505815953330610729433949299597964651474307391443301794681564008959642979985282848892,5.318409e-02,7.565661e-04,119,558,236,2
798,1.30927724882967874908151903585281539328561339348528082322125344995079419246921926447735200923235889209677020912613012021,5.384321e-02,6.591227e-04,120,558,240,0
800,1.30913943691580603791858763978897916865860122444914054969418198693191701388452626351715333152523064157901899045974106213,5.370540e-02,1.378119e-04,119,562,236,2
802,1.30890892114859342716605303674316880759628775297735967187696835658651151226866527379677662590192117269614645600894670794,5.347488e-02,2.305158e-04,118,566,236,0
804,1.30954040482538204486455951602277041624670890589135395715800688810376347026823459335016641158007771377962955038726099881,5.410637e-02,6.314837e-04,121,562,240,2
806,1.30896374400370255373022121540090149238304791031060605485569682918723287917251303601051784085118545121893401435995480729,5.352971e-02,5.766608e-04,120,566,240,0
808,1.30904867702537472120950049462413237197855744084516898456806517229739791644889996220345943447304981714550506450834810412,5.361464e-02,8.493302e-05,119,570,236,2
810,1.30887433957929887124356342032097086552401506398993434973508749593493605446771018043098539063972063616681406328017949289,5.344030e-02,1.743374e-04,120,570,240,0
812,1.30942498438096416242355877928365611520772688199697120272375283564051587040166714054173152241207201965172644603058690846,5.399095e-02,5.506448e-04,121,570,240,2
814,1.30841272075989783681895173063725204421917239975513297467328953701934296593574720710675341151930910297132099909569199155,5.297868e-02,1.012264e-03,120,574,240,0
816,1.30922270026105161182613882901841880760771255077493387239033325220098434454632376547357435891607152198880064026043971755,5.378866e-02,8.099795e-04,121,574,240,2
818,1.30904531339865896909452454133926430925165928724658827756458735935092544515400700818120332276446685136615178319242535613,5.361128e-02,1.773869e-04,122,574,244,0
820,1.30901690269605508011430449982837900735427844376328582636358379167159676867542549099351127305091464797913089615320980172,5.358286e-02,2.841070e-05,121,578,240,2
822,1.30946863704800760264228505971867229699331163048799307562735713503634424446758840279228668451301433835548880544419620411,5.403460e-02,4.517344e-04,124,574,248,0
824,1.30883720857292604365511556305738762932832409137683027881855758455417984962959466632767870807664778691180513338981188640,5.340317e-02,6.314285e-04,121,582,240,2
826,1.30910485092945194522501218377534445765238050454353497370975724102711508526922273086452698927555077048539582419263448696,5.367081e-02,2.676424e-04,122,582,244,0
828,1.30901492068927160723488575576410481358280077750537861732416075559637048494881816955214823404338937359443846141158648815,5.358088e-02,8.993024e-05,123,582,244,2
830,1.30944240142253721887590090116300476389856601384277358126498437569808218433661930640391519494365929047815474326341379974,5.400836e-02,4.274807e-04,124,582,248,0
832,1.30845373327450745163327769303266400903178254406584566422917369368212271162319076111226314468019570832609110327343478965,5.301970e-02,9.886681e-04,123,586,244,2
834,1.30932602764860911435176281980817679520650300321645310682290959335977079448136855007410934287737718906710814156446840472,5.389199e-02,8.722944e-04,124,586,248,0
836,1.30872380432340615789117798296955954349345076907243336526901205737630346496282136328848188777059878484431391831117036228,5.328977e-02,6.022233e-04,125,586,248,2
838,1.30909522397178166029606977407322329157666496903047929169597340993144361965559786956568856965205847321507911636368191739,5.366119e-02,3.714196e-04,124,590,248,0
840,1.30932805441947292996958423688288746544026216390957850204931387088941462510185648915921566622077865074816322888074224184,5.389402e-02,2.328304e-04,127,586,252,2
842,1.30898682961802129653869788930903089213961835400289000301642693916689474114568063830153807032474575854765898070835097704,5.355279e-02,3.412248e-04,124,594,248,0
844,1.30912889344868608538592707866696318675125748760308628045768967226594731907585331895766378410795936788102686519981294812,5.369486e-02,1.420638e-04,125,594,248,2
846,1.30912764552958208504840103469035063812231881237542543936271609313421718888265502171646257268406187493091943025008180009,5.369361e-02,1.247919e-06,126,594,252,0
848,1.30941989199705982948977006006855069604501351246908465469523534036134290378363700274877975630590691807823871961383766816,5.398585e-02,2.922465e-04,127,594,252,2
850,1.30844607719578562602803784855393049085490463456486721241784779610122195624794185527681952807038894063488927988990619887,5.301204e-02,9.738148e-04,124,602,248,0
852,1.30940429708623138631812733255735004392788914211132242020132771684809536459556218811202031109195009957437074999941388691,5.397026e-02,9.582199e-04,127,598,252,2
854,1.30867267061672698458744053661110019712115501433710642385938366509479012868558349873570425097877576847944768003396166007,5.323863e-02,7.316265e-04,126,602,252,0
856,1.30914063492946459843327263253521282651831138209222902423411331867242979938686381080374033020761550963629380851192454040,5.370660e-02,4.679643e-04,127,602,252,2
858,1.30895409445178605286590676631818958868672634222209370150906151828049392913590815870109999118229737331180349283739226867,5.352006e-02,1.865405e-04,128,602,256,0
860,1.30911234058329188197931333294428567361384729386057096153430093907715742513722375784945132119638679765636614097846096508,5.367830e-02,1.582461e-04,127,606,252,2
862,1.30911606394891922743789351205925350664273149082101954122602889951880261341021843683893615404571351617469789477822316514,5.368203e-02,3.723366e-06,128,606,256,0
864,1.30921101879767723026351246987232205013893593405495656232674031867521779111455352499536082017707966542969434363568278913,5.377698e-02,9.495485e-05,129,606,256,2
866,1.30933262116312375953145034858615077522899716524970367995447743718754516959680904860496140236950033160618342058604500892,5.389858e-02,1.216024e-04,130,606,260,0
868,1.30861522206399266163231583288435364981318936361105610862982047679334715784347217627622239457309957044908582482617438666,5.318118e-02,7.173991e-04,127,614,252,2
870,1.30945728244099659158077458110820783675709040032941425171123094488149017043774274057949436864317675797267539505817159895,5.402324e-02,8.420604e-04,130,610,260,0
872,1.30880003237504937112121571454308121723969625387689295165910256525468526176266929696962460717485696456143110904516248136,5.336599e-02,6.572501e-04,129,614,256,2
874,1.30914304254841501506680733004732962123684490827775466438329181408996470017114882014465247541642327396857236735416212783,5.370900e-02,3.430102e-04,130,614,260,0
876,1.30851935996118783860961080591287662261178568029900934523889129121604935893593169174191457357607051451049724831930016379,5.308532e-02,6.236826e-04,129,618,256,2
878,1.30921434353893139272830170329423217841153947975914800171287816808877678218280578774723064114702475205904663095122390552,5.378031e-02,6.949836e-04,130,618,260,0
880,1.30905562977594399388069016756979011224581449579382555191294955120338898683358790736670248933922676642029042650380104306,5.362159e-02,1.587138e-04,131,618,260,2
882,1.30926014740213622554142787946980075444448636681601921645798922192851009943668105698710162923107838439885693299343929725,5.382611e-02,2.045176e-04,132,618,264,0
884,1.30916013987866947984617483555422287561766755290754775237524333105923570944014129569427065995981008831582303659666666247,5.372610e-02,1.000075e-04,131,622,260,2
886,1.30876080277013220352496139042867658255220647471152275032119370542063140896018863907472986324588346913071211038182039552,5.332677e-02,3.993371e-04,130,626,260,0
888,1.30948389147592118625647411657475572913912668956886962448482900138103042015602825731145990202145356176854591169198936598,5.404985e-02,7.230887e-04,133,622,264,2
890,1.30889682253002963087133526965544896693906091722620254903660524004249958237183674876455157471723699494311577646855675812,5.346278e-02,5.870689e-04,132,626,264,0
892,1.30903717698493492420984602292124428589133147056929087397586095194063945935282886475048077559697830479206928728348777036,5.360314e-02,1.403545e-04,133,626,264,2
894,1.30869032577823087528959191757078563022883726545006851571643388122054860826707032050277130950147117030743370677725749610,5.325629e-02,3.468512e-04,132,630,264,0
896,1.30929295773337347539168552499182170088827266445462424002405380383999988632171367500094052187401087062743663186210965577,5.385892e-02,6.026320e-04,133,630,264,2
898,1.30891699892438586616083204245005094337325444166677597818924356068684780565271874241380818443520841271056320489001011023,5.348296e-02,3.759588e-04,134,630,268,0
900,1.30925706980504482324930045371824375739384928608850759574423444661626643887304966730268852158945155397928030917530482156,5.382303e-02,3.400709e-04,135,630,268,2
902,1.30916780236854359993496977637747438973363985941934870258202002998677512329579978916007752095762452325067636302441334340,5.373376e-02,8.926744e-05,134,634,268,0
904,1.30888342654081752814537815069940705074772130479638132890816765629659057944169446839944774253247575456266025140579108806,5.344939e-02,2.843758e-04,133,638,264,2
906,1.30948161256379629382596847044295228044743842133588635922940505670035150368757243235046391658888788108778024864480194871,5.404757e-02,5.981860e-04,136,634,272,0
908,1.30895516580534821662972427006271553999260099782954736310592220246145148099871110356143173387124950584274027178366398800,5.352113e-02,5.264468e-04,135,638,268,2
910,1.30903259714314658944211858154500241463814760052922858307903559914937408700068379718873144766253813886481681794799954216,5.359856e-02,7.743134e-05,134,642,268,0
912,1.30883871458282262038479850999511291472620866384662319324202566488283617768364421316059369405310036397804180646261879182,5.340468e-02,1.938826e-04,135,642,268,2
914,1.30934760232787611868571433382320611566306799187631845749282973107792069189903303616213086677096525985736543634118464019,5.391356e-02,5.088877e-04,136,642,272,0
916,1.30847089712572424116037732746707278421391597149126182311504298503320032057061607330430284514394215092107799536144626948,5.303686e-02,8.767052e-04,135,646,268,2
918,1.30915189812388680170876655234141950308041110505558853961597446339908730792414582772448670826980063903942971639442716242,5.371786e-02,6.810010e-04,136,646,272,0
920,1.30913168745332621871197891248276077563636382574836310227822319187349518088958411170449559973843264089411520768603564405,5.369765e-02,2.021067e-05,137,646,272,2
922,1.30898320773144413542102692590792106512604747480101434057862101299298879503200756073563077320067370396884170396533449649,5.354917e-02,1.484797e-04,136,650,272,0
924,1.30944519793678551852599784014564476397002958240251743793248407016156218087801460487228125139275862644522629019024717884,5.401116e-02,4.619902e-04,139,646,276,2
926,1.30893265915518615381406951904484258052749483092222133422186026443193011808962171334052117430289206001581211530201171808,5.349862e-02,5.125388e-04,138,650,276,0
928,1.30909232900149580753017897349605414112452248738262651257820968260559076023896620491180368509201059197605262563846505216,5.365829e-02,1.596698e-04,137,654,272,2
930,1.30896499665965386670853075002632183872114068496106633936332035500050756566834485473054715606252624563756742323302627345,5.353096e-02,1.273323e-04,138,654,276,0
932,1.30937649776573158657288018076649959263489935047274700238085489850598381039811123639177563046458620410548923205804258960,5.394246e-02,4.115011e-04,139,654,276,2
934,1.30853293195868597178774930007048795368816234053848988181914648408427251731203844743894614835110163807551155358997903056,5.309889e-02,8.435658e-04,138,658,276,0
936,1.30924843102410353572818419835317091453982046976788913370257313035899886579607832864460593427453641687442277750574043322,5.381439e-02,7.154991e-04,139,658,276,2
938,1.30902043627006729426167656884885106638946949364882731492347703214207251151075405852597050303835664666241945455906801923,5.358640e-02,2.279948e-04,140,658,280,0
940,1.30905949266887303813202514626415657729155121758033808792603215946841519178364594701561219812912348913750145458313318773,5.362545e-02,3.905640e-05,139,662,276,2
942,1.30936265480020517133814718637827195942119045265080396220534135914094213866540235949100522319834171730141229755719780316,5.392862e-02,3.031621e-04,142,658,284,0
944,1.30894422289897534291856346793414615467944016281719480239617649285352222958271009710930419335258066595964946768565569724,5.351019e-02,4.184319e-04,139,666,276,2
946,1.30912728998006085887064607185211257790956870343064108820745218541949456926429720226830634155366922886218594738940624711,5.369325e-02,1.830671e-04,140,666,280,0
948,1.30906909170884496613299559337678586684320826585971108174133267491851715183570471925672736599043889316610913066978870664,5.363505e-02,5.819827e-05,141,666,280,2
950,1.30937528088705257592291246898641144744417762807465022297280634854143959066144835901094096026344941286686836085046801327,5.394124e-02,3.061892e-04,142,666,284,0
952,1.30847379083191018673726716619287499543119780740489915262715156485372309010547777716901741373278549900975999795208676814,5.303975e-02,9.014901e-04,139,674,276,2
954,1.30932478016449922190435686638687156800067169780727809290400478483091017227708276421854588785433734511360084163172646533,5.389074e-02,8.509893e-04,142,670,284,0
956,1.30867124686482493884134198785075067524257031701880458074745117827137286432264570057889392603218895106734239790275598704,5.323721e-02,6.535333e-04,141,674,280,2
958,1.30911016281444973149261459744357517051330040874144618594387268036466907542818644209902149729139867792531184742062680045,5.367613e-02,4.389159e-04,142,674,284,0
960,1.30919228877378763756857812035206181102018251902363960483946740583802518674583612533826435377902220372244738054915500583,5.375825e-02,8.212596e-05,145,670,288,2
962,1.30905813790667896600111843369565992592294401644675527800780693581921764559610770010238980929645409691382891861759749824,5.362410e-02,1.341509e-04,142,678,284,0
964,1.30913477928069038360260693264308413691727925955612798900708462503459242262515808544155778856176232063048637529589670012,5.370074e-02,7.664137e-05,143,678,284,2
966,1.30914997945313488553173507082040313471112073949337012666285088839943719741926681891989004567240738006111292238264372549,5.371594e-02,1.520017e-05,144,678,288,0
968,1.30933131414394173014784962794739155518477283669760793086760080394603694037603741045325511566279249494207239029573931854,5.389728e-02,1.813347e-04,145,678,288,2
970,1.30862260906116832036337579767202814662552492058365129147404051767252863667219784709067770248346539287779718899995615168,5.318857e-02,7.087051e-04,142,686,284,0
972,1.30938076698575843487995171892681242868352799338829676404051686400523184752305398858222622457540408358417466210474287842,5.394673e-02,7.581579e-04,145,682,288,2
974,1.30878705016765337864227466193151570635970354346269825111168645881444595552263084760634613197029315525382082658522924042,5.335301e-02,5.937168e-04,144,686,288,0
976,1.30912935845494918412571926213312497533717116352903472400855773669654188437631716199138474129578037320361726920993390583,5.369532e-02,3.423083e-04,145,686,288,2
978,1.30895411888118996209667192697827751333681640139693117734829286051392680012226449859989256331812165822679975254425982472,5.352008e-02,1.752396e-04,146,686,292,0
980,1.30915300331532053777659861152948743361425775562180444270280188854415908264177482287381127186655642124438150651609419770,5.371897e-02,1.988844e-04,145,690,288,2
982,1.30910924874343469927305062737139587551440674118891937814131861812514539314151336971161352982271668073734304972089799019,5.367521e-02,4.375457e-05,146,690,292,0
984,1.30920461106454819356203416288916156421082502392649825244321668253094725848535279818005948439537235273876995042572845235,5.377057e-02,9.536232e-05,147,690,292,2
986,1.30914862770673833501471779837198402062935030610348992531895049287596554904816332866437808034312287690530517341989052539,5.371459e-02,5.598336e-05,146,694,292,0
988,1.30875242742724497056814363010826493641229950220227021272203703445168292012744612407317705209145228313329314056299048685,5.331839e-02,3.962003e-04,145,698,288,2
990,1.30941563569259260408506631795209422734775224846159722423311913855829712121281005146180212176003798329617965739252516848,5.398160e-02,6.632083e-04,148,694,296,0
992,1.30887891979496329900569376948117741302679561982179295689387745596780598275968568379055284558366004373612940874789302171,5.344488e-02,5.367159e-04,147,698,292,2
994,1.30909392399389199095615960180811953377418646333615944254614100182796832436247720767599361777588629301107686361185284453,5.365989e-02,2.150042e-04,148,698,296,0
996,1.30867997057867505576325638715778326664396762823321465987532420324911603971584931927646711817674245240240573004421255901,5.324593e-02,4.139534e-04,147,702,292,2
998,1.30922886388132110817883987953012207836493104424850095466781188002567557858724571185026466890482533297636126059802714449,5.379483e-02,5.488933e-04,148,702,296,0
1000,1.30903799855002931645203311131543198267586703559973856601034268170176017953686756023576698719368905783246670513564499479,5.360396e-02,1.908653e-04,149,702,296,2
1002,1.30922358542416259528894231166055643241258263366893474425635352258805163525306953974187169872669034060295428528104885919,5.378955e-02,1.855869e-04,150,702,300,0
